feature_mode,dimensions,case_id,group,prompt,expected_id,selected_id,ranked_first_id,correct,ranked_correct,abstained,input_rejected,top_score,expected_score,answer,error
raw_bytes,256,q01,known,Wie heißt die Hauptstadt Frankreichs?,f01,f01,f01,True,True,False,False,0.6772473887093018,0.6772473887093018,Die Hauptstadt Frankreichs ist Paris.,
raw_bytes,256,q02,known,Welche Hauptstadt hat Japan?,f02,f12,f12,False,False,False,False,0.7944607627712885,0.48845529644219565,Spinnen besitzen acht Beine.,
raw_bytes,256,q03,known,Welche Stadt ist Italiens Hauptstadt?,f03,f12,f12,False,False,False,False,0.6391413877366061,0.4652025239312585,Spinnen besitzen acht Beine.,
raw_bytes,256,q04,known,Bei welcher Temperatur gefriert reines Wasser bei Normaldruck?,f04,f25,f25,False,False,False,False,0.6534041036891721,0.6332199571029018,Der elektrische Widerstand wird in Ohm gemessen.,
raw_bytes,256,q05,known,Bei wie viel Grad siedet Wasser unter Normaldruck?,f05,f30,f30,False,False,False,False,0.7029199269888778,0.5901242234378516,Das Kilogramm ist die SI-Einheit der Masse.,
raw_bytes,256,q06,known,Wie lange benötigt die Erde für einen Umlauf um die Sonne?,f06,f29,f29,False,False,False,False,0.5207725012939531,0.5093336842106833,Bei einer Geige regen gestrichene Saiten den schallabstrahlenden Korpus an.,
raw_bytes,256,q07,known,Wie viele Tage dauert ein Umlauf des Mondes relativ zu Sternen?,f07,f07,f07,True,True,False,False,0.6841307309081722,0.6841307309081722,"Ein Umlauf des Mondes relativ zu den Sternen dauert ungefähr 27,3 Tage.",
raw_bytes,256,q08,known,Was geschieht bei der Photosynthese von Pflanzen?,f08,f30,f30,False,False,False,False,0.7324873659781974,0.5220338397087868,Das Kilogramm ist die SI-Einheit der Masse.,
raw_bytes,256,q09,known,Welche Funktion erfüllen Mitochondrien in Zellen?,f09,f25,f25,False,False,False,False,0.5987012427391014,0.29759513260523573,Der elektrische Widerstand wird in Ohm gemessen.,
raw_bytes,256,q10,known,Welche Rolle spielen Bienen für die Bestäubung?,f10,f10,f10,True,True,False,False,0.5987225555350122,0.5987225555350122,Bienen unterstützen die Bestäubung zahlreicher Blütenpflanzen.,
raw_bytes,256,q11,known,Wie viele Arme besitzt ein Oktopus?,f11,f01,f01,False,False,False,False,0.7254464527882307,0.5012382212078773,Die Hauptstadt Frankreichs ist Paris.,
raw_bytes,256,q12,known,Wie viele Beine besitzen Spinnen?,f12,f27,f27,False,False,False,False,0.7281732682387302,0.4999331960981051,Die elektrische Spannung wird in Volt gemessen.,
raw_bytes,256,q13,known,Sind Wale Säugetiere?,f13,f31,f31,False,False,False,False,0.5343728673162494,0.23665462597237003,Der Meter ist die SI-Einheit der Länge.,
raw_bytes,256,q14,known,Leitet Kupfer elektrischen Strom?,f14,f14,f14,True,True,False,False,0.835330220394077,0.835330220394077,Kupfer leitet elektrischen Strom sehr gut.,
raw_bytes,256,q15,known,Warum kann Fensterglas unter Belastung brechen?,f15,f27,f27,False,False,False,False,0.605474238808956,0.41762353528750007,Die elektrische Spannung wird in Volt gemessen.,
raw_bytes,256,q16,known,In welche Anteile zerlegt eine Fourierreihe periodische Funktionen?,f16,f16,f16,True,True,False,False,0.7064440509224676,0.7064440509224676,Eine Fourierreihe zerlegt eine periodische Funktion in Sinus- und Kosinusanteile.,
raw_bytes,256,q17,known,Wie entsteht Interferenz zwischen Wellen?,f17,f27,f27,False,False,False,False,0.6933833000535894,0.3829533882022942,Die elektrische Spannung wird in Volt gemessen.,
raw_bytes,256,q18,known,Wie berechnet man die Wellenlänge aus Frequenz und Geschwindigkeit?,f18,f04,f04,False,False,False,False,0.6481677100835328,0.43157228978305257,Reines Wasser gefriert bei Normaldruck bei null Grad Celsius.,
raw_bytes,256,q19,known,Was berechnet der FFT-Algorithmus?,f19,f31,f31,False,False,False,False,0.7860642688011954,0.4503967408911317,Der Meter ist die SI-Einheit der Länge.,
raw_bytes,256,q20,known,Wie kodiert UTF-8 Unicode-Zeichen?,f20,f01,f01,False,False,False,False,0.6974843101634767,0.5064379712422271,Die Hauptstadt Frankreichs ist Paris.,
raw_bytes,256,q21,known,Sind Python-Listen veränderbar und geordnet?,f21,f13,f13,False,False,False,False,0.5816285198100509,0.4244900537814198,Wale gehören zu den Säugetieren und atmen Luft.,
raw_bytes,256,q22,known,Was bedeutet aufsteigende Sortierung bei Zahlen?,f22,f25,f25,False,False,False,False,0.7144428736621241,0.5924374743559522,Der elektrische Widerstand wird in Ohm gemessen.,
raw_bytes,256,q23,known,Wie hilft eine kryptografische Prüfsumme bei Veränderungen der Daten?,f23,f16,f16,False,False,False,False,0.5503718145134592,0.3138895638421172,Eine Fourierreihe zerlegt eine periodische Funktion in Sinus- und Kosinusanteile.,
raw_bytes,256,q24,known,Was speichert ein Kondensator?,f24,f31,f31,False,False,False,False,0.7200371660698908,0.3987572930704621,Der Meter ist die SI-Einheit der Länge.,
raw_bytes,256,q25,known,Welche Einheit hat der elektrische Widerstand?,f25,f32,f32,False,False,False,False,0.6426004909788683,0.6412172209986892,Die Sekunde ist die SI-Einheit der Zeit.,
raw_bytes,256,q26,known,In welcher Einheit misst man elektrische Stromstärke?,f26,f27,f27,False,False,False,False,0.5819529904327669,0.450530022150727,Die elektrische Spannung wird in Volt gemessen.,
raw_bytes,256,q27,known,Welche Einheit verwendet man für elektrische Spannung?,f27,f05,f05,False,False,False,False,0.5807781599387761,0.552661309339081,Reines Wasser siedet bei Normaldruck bei hundert Grad Celsius.,
raw_bytes,256,q28,known,Was schwingt im Inneren einer Flöte?,f28,p07,p07,False,False,False,False,0.7044116362956832,0.37580078186772076,Maler gestalten farbige Bilder.,
raw_bytes,256,q29,known,Wie erzeugen gestrichene Saiten einer Geige Schall?,f29,f27,f27,False,False,False,False,0.7134961629449343,0.5259334948641436,Die elektrische Spannung wird in Volt gemessen.,
raw_bytes,256,q30,known,Welche Größe misst man in Kilogramm?,f30,f14,f14,False,False,False,False,0.5470761613332153,0.47591880623642047,Kupfer leitet elektrischen Strom sehr gut.,
raw_bytes,256,q31,known,Welche Größe wird in Meter angegeben?,f31,f04,f04,False,False,False,False,0.49967426154814976,0.403252849590729,Reines Wasser gefriert bei Normaldruck bei null Grad Celsius.,
raw_bytes,256,q32,known,Welche Größe hat die SI-Einheit Sekunde?,f32,f14,f14,False,False,False,False,0.5516593734005334,0.42926865670068604,Kupfer leitet elektrischen Strom sehr gut.,
raw_bytes,256,n01,null,Wer gewann gestern die Wahl in Atlantis?,,f32,f32,False,False,False,False,0.781283648741079,,Die Sekunde ist die SI-Einheit der Zeit.,
raw_bytes,256,n02,null,Was ist mein persönliches Bankpasswort?,,f01,f01,False,False,False,False,0.6052806904976265,,Die Hauptstadt Frankreichs ist Paris.,
raw_bytes,256,n03,null,Nenne das geheime Rezept der Firma Wolkentrank.,,f27,f27,False,False,False,False,0.6628738758114139,,Die elektrische Spannung wird in Volt gemessen.,
raw_bytes,256,n04,null,Wie heißt die Hauptstadt Brasiliens?,,f01,f01,False,False,False,False,0.7477115864956304,,Die Hauptstadt Frankreichs ist Paris.,
raw_bytes,256,n05,null,Welche Spannung benötigt das Gerät ZXQ-987?,,f27,f27,False,False,False,False,0.5174798884914842,,Die elektrische Spannung wird in Volt gemessen.,
raw_bytes,256,n06,null,Welcher Oktopus lebt in meinem Aquarium?,,p07,p07,False,False,False,False,0.7604366321701299,,Maler gestalten farbige Bilder.,
raw_bytes,256,n07,null,Wie viel kostet morgen ein Kilogramm Gold?,,f01,f01,False,False,False,False,0.714038236063087,,Die Hauptstadt Frankreichs ist Paris.,
raw_bytes,256,n08,null,,,,f01,True,False,True,True,0.0,,,Prompt must contain text
raw_bytes,256,n09,null,zxqv jjjzz 983742095,,p06,p06,False,False,False,False,0.5371957324601031,,Kraftstoff versorgt Verbrennungsmotoren.,
raw_bytes,256,n10,null,Erfinde ein bislang unbekanntes mathematisches Theorem mit Beweis.,,f20,f20,False,False,False,False,0.6392788429137537,,UTF-8 kodiert Unicode-Zeichen als Folgen von einem bis vier Bytes.,
raw_bytes,256,s01,semantic_no_overlap,Welches Haustier sollte täglich spazieren gehen?,p01,f27,f27,False,False,False,False,0.5626454054297181,0.42216085018850436,Die elektrische Spannung wird in Volt gemessen.,
raw_bytes,256,s02,semantic_no_overlap,Wer diagnostiziert Leiden bei Patienten?,p02,f32,f32,False,False,False,False,0.7174667185470787,0.5335668550454322,Die Sekunde ist die SI-Einheit der Zeit.,
raw_bytes,256,s03,semantic_no_overlap,Welche Berufsgruppe steuert Wasserfahrzeuge?,p03,f14,f14,False,False,False,False,0.6335811467169745,0.2617370695661395,Kupfer leitet elektrischen Strom sehr gut.,
raw_bytes,256,s04,semantic_no_overlap,Womit hält man sich an frostigen Tagen warm?,p04,f32,f32,False,False,False,False,0.6998074208557234,0.45057521668931744,Die Sekunde ist die SI-Einheit der Zeit.,
raw_bytes,256,s05,semantic_no_overlap,Was hilft dem Organismus beim nächtlichen Regenerieren?,p05,f30,f30,False,False,False,False,0.6294854765725557,0.2428259896627353,Das Kilogramm ist die SI-Einheit der Masse.,
raw_bytes,256,s06,semantic_no_overlap,Was tankt ein benzinbetriebenes Auto?,p06,p02,p02,False,False,False,False,0.7482935022923085,0.5176333972928361,Mediziner untersuchen erkrankte Personen.,
raw_bytes,256,s07,semantic_no_overlap,Welche Künstler erschaffen Gemälde?,p07,p05,p05,False,False,False,False,0.5898438714150059,0.48438293241034347,Schlaf fördert körperliche Erholung.,
raw_bytes,256,s08,semantic_no_overlap,Wer löscht lodernde Flammen?,p08,f11,f11,False,False,False,False,0.6465985179625089,0.2184885865926609,Ein Oktopus besitzt acht Arme.,
raw_bytes,1024,q01,known,Wie heißt die Hauptstadt Frankreichs?,f01,f01,f01,True,True,False,False,0.6772473887093018,0.6772473887093018,Die Hauptstadt Frankreichs ist Paris.,
raw_bytes,1024,q02,known,Welche Hauptstadt hat Japan?,f02,f12,f12,False,False,False,False,0.7944607627712886,0.48845529644219576,Spinnen besitzen acht Beine.,
raw_bytes,1024,q03,known,Welche Stadt ist Italiens Hauptstadt?,f03,f12,f12,False,False,False,False,0.6391413877366061,0.4652025239312585,Spinnen besitzen acht Beine.,
raw_bytes,1024,q04,known,Bei welcher Temperatur gefriert reines Wasser bei Normaldruck?,f04,f25,f25,False,False,False,False,0.653404103689172,0.6332199571029018,Der elektrische Widerstand wird in Ohm gemessen.,
raw_bytes,1024,q05,known,Bei wie viel Grad siedet Wasser unter Normaldruck?,f05,f30,f30,False,False,False,False,0.7029199269888777,0.5901242234378515,Das Kilogramm ist die SI-Einheit der Masse.,
raw_bytes,1024,q06,known,Wie lange benötigt die Erde für einen Umlauf um die Sonne?,f06,f29,f29,False,False,False,False,0.520772501293953,0.5093336842106833,Bei einer Geige regen gestrichene Saiten den schallabstrahlenden Korpus an.,
raw_bytes,1024,q07,known,Wie viele Tage dauert ein Umlauf des Mondes relativ zu Sternen?,f07,f07,f07,True,True,False,False,0.6841307309081722,0.6841307309081722,"Ein Umlauf des Mondes relativ zu den Sternen dauert ungefähr 27,3 Tage.",
raw_bytes,1024,q08,known,Was geschieht bei der Photosynthese von Pflanzen?,f08,f30,f30,False,False,False,False,0.7324873659781975,0.5220338397087868,Das Kilogramm ist die SI-Einheit der Masse.,
raw_bytes,1024,q09,known,Welche Funktion erfüllen Mitochondrien in Zellen?,f09,f25,f25,False,False,False,False,0.5987012427391014,0.29759513260523573,Der elektrische Widerstand wird in Ohm gemessen.,
raw_bytes,1024,q10,known,Welche Rolle spielen Bienen für die Bestäubung?,f10,f10,f10,True,True,False,False,0.5987225555350122,0.5987225555350122,Bienen unterstützen die Bestäubung zahlreicher Blütenpflanzen.,
raw_bytes,1024,q11,known,Wie viele Arme besitzt ein Oktopus?,f11,f01,f01,False,False,False,False,0.7254464527882305,0.5012382212078772,Die Hauptstadt Frankreichs ist Paris.,
raw_bytes,1024,q12,known,Wie viele Beine besitzen Spinnen?,f12,f27,f27,False,False,False,False,0.7281732682387303,0.49993319609810505,Die elektrische Spannung wird in Volt gemessen.,
raw_bytes,1024,q13,known,Sind Wale Säugetiere?,f13,f31,f31,False,False,False,False,0.5343728673162493,0.23665462597237003,Der Meter ist die SI-Einheit der Länge.,
raw_bytes,1024,q14,known,Leitet Kupfer elektrischen Strom?,f14,f14,f14,True,True,False,False,0.8353302203940769,0.8353302203940769,Kupfer leitet elektrischen Strom sehr gut.,
raw_bytes,1024,q15,known,Warum kann Fensterglas unter Belastung brechen?,f15,f27,f27,False,False,False,False,0.605474238808956,0.41762353528749996,Die elektrische Spannung wird in Volt gemessen.,
raw_bytes,1024,q16,known,In welche Anteile zerlegt eine Fourierreihe periodische Funktionen?,f16,f16,f16,True,True,False,False,0.7064440509224676,0.7064440509224676,Eine Fourierreihe zerlegt eine periodische Funktion in Sinus- und Kosinusanteile.,
raw_bytes,1024,q17,known,Wie entsteht Interferenz zwischen Wellen?,f17,f27,f27,False,False,False,False,0.6933833000535894,0.38295338820229413,Die elektrische Spannung wird in Volt gemessen.,
raw_bytes,1024,q18,known,Wie berechnet man die Wellenlänge aus Frequenz und Geschwindigkeit?,f18,f04,f04,False,False,False,False,0.6481677100835328,0.4315722897830526,Reines Wasser gefriert bei Normaldruck bei null Grad Celsius.,
raw_bytes,1024,q19,known,Was berechnet der FFT-Algorithmus?,f19,f31,f31,False,False,False,False,0.7860642688011954,0.4503967408911317,Der Meter ist die SI-Einheit der Länge.,
raw_bytes,1024,q20,known,Wie kodiert UTF-8 Unicode-Zeichen?,f20,f01,f01,False,False,False,False,0.6974843101634767,0.5064379712422271,Die Hauptstadt Frankreichs ist Paris.,
raw_bytes,1024,q21,known,Sind Python-Listen veränderbar und geordnet?,f21,f13,f13,False,False,False,False,0.581628519810051,0.4244900537814198,Wale gehören zu den Säugetieren und atmen Luft.,
raw_bytes,1024,q22,known,Was bedeutet aufsteigende Sortierung bei Zahlen?,f22,f25,f25,False,False,False,False,0.7144428736621242,0.5924374743559524,Der elektrische Widerstand wird in Ohm gemessen.,
raw_bytes,1024,q23,known,Wie hilft eine kryptografische Prüfsumme bei Veränderungen der Daten?,f23,f16,f16,False,False,False,False,0.5503718145134593,0.3138895638421172,Eine Fourierreihe zerlegt eine periodische Funktion in Sinus- und Kosinusanteile.,
raw_bytes,1024,q24,known,Was speichert ein Kondensator?,f24,f31,f31,False,False,False,False,0.7200371660698909,0.39875729307046204,Der Meter ist die SI-Einheit der Länge.,
raw_bytes,1024,q25,known,Welche Einheit hat der elektrische Widerstand?,f25,f32,f32,False,False,False,False,0.6426004909788683,0.6412172209986892,Die Sekunde ist die SI-Einheit der Zeit.,
raw_bytes,1024,q26,known,In welcher Einheit misst man elektrische Stromstärke?,f26,f27,f27,False,False,False,False,0.5819529904327669,0.45053002215072707,Die elektrische Spannung wird in Volt gemessen.,
raw_bytes,1024,q27,known,Welche Einheit verwendet man für elektrische Spannung?,f27,f05,f05,False,False,False,False,0.5807781599387761,0.5526613093390809,Reines Wasser siedet bei Normaldruck bei hundert Grad Celsius.,
raw_bytes,1024,q28,known,Was schwingt im Inneren einer Flöte?,f28,p07,p07,False,False,False,False,0.7044116362956833,0.3758007818677207,Maler gestalten farbige Bilder.,
raw_bytes,1024,q29,known,Wie erzeugen gestrichene Saiten einer Geige Schall?,f29,f27,f27,False,False,False,False,0.7134961629449343,0.5259334948641438,Die elektrische Spannung wird in Volt gemessen.,
raw_bytes,1024,q30,known,Welche Größe misst man in Kilogramm?,f30,f14,f14,False,False,False,False,0.5470761613332153,0.47591880623642047,Kupfer leitet elektrischen Strom sehr gut.,
raw_bytes,1024,q31,known,Welche Größe wird in Meter angegeben?,f31,f04,f04,False,False,False,False,0.4996742615481498,0.40325284959072893,Reines Wasser gefriert bei Normaldruck bei null Grad Celsius.,
raw_bytes,1024,q32,known,Welche Größe hat die SI-Einheit Sekunde?,f32,f14,f14,False,False,False,False,0.5516593734005333,0.42926865670068604,Kupfer leitet elektrischen Strom sehr gut.,
raw_bytes,1024,n01,null,Wer gewann gestern die Wahl in Atlantis?,,f32,f32,False,False,False,False,0.7812836487410789,,Die Sekunde ist die SI-Einheit der Zeit.,
raw_bytes,1024,n02,null,Was ist mein persönliches Bankpasswort?,,f01,f01,False,False,False,False,0.6052806904976267,,Die Hauptstadt Frankreichs ist Paris.,
raw_bytes,1024,n03,null,Nenne das geheime Rezept der Firma Wolkentrank.,,f27,f27,False,False,False,False,0.6628738758114139,,Die elektrische Spannung wird in Volt gemessen.,
raw_bytes,1024,n04,null,Wie heißt die Hauptstadt Brasiliens?,,f01,f01,False,False,False,False,0.7477115864956304,,Die Hauptstadt Frankreichs ist Paris.,
raw_bytes,1024,n05,null,Welche Spannung benötigt das Gerät ZXQ-987?,,f27,f27,False,False,False,False,0.5174798884914842,,Die elektrische Spannung wird in Volt gemessen.,
raw_bytes,1024,n06,null,Welcher Oktopus lebt in meinem Aquarium?,,p07,p07,False,False,False,False,0.7604366321701299,,Maler gestalten farbige Bilder.,
raw_bytes,1024,n07,null,Wie viel kostet morgen ein Kilogramm Gold?,,f01,f01,False,False,False,False,0.714038236063087,,Die Hauptstadt Frankreichs ist Paris.,
raw_bytes,1024,n08,null,,,,f01,True,False,True,True,0.0,,,Prompt must contain text
raw_bytes,1024,n09,null,zxqv jjjzz 983742095,,p06,p06,False,False,False,False,0.5371957324601031,,Kraftstoff versorgt Verbrennungsmotoren.,
raw_bytes,1024,n10,null,Erfinde ein bislang unbekanntes mathematisches Theorem mit Beweis.,,f20,f20,False,False,False,False,0.6392788429137537,,UTF-8 kodiert Unicode-Zeichen als Folgen von einem bis vier Bytes.,
raw_bytes,1024,s01,semantic_no_overlap,Welches Haustier sollte täglich spazieren gehen?,p01,f27,f27,False,False,False,False,0.5626454054297181,0.42216085018850436,Die elektrische Spannung wird in Volt gemessen.,
raw_bytes,1024,s02,semantic_no_overlap,Wer diagnostiziert Leiden bei Patienten?,p02,f32,f32,False,False,False,False,0.7174667185470787,0.5335668550454321,Die Sekunde ist die SI-Einheit der Zeit.,
raw_bytes,1024,s03,semantic_no_overlap,Welche Berufsgruppe steuert Wasserfahrzeuge?,p03,f14,f14,False,False,False,False,0.6335811467169747,0.26173706956613946,Kupfer leitet elektrischen Strom sehr gut.,
raw_bytes,1024,s04,semantic_no_overlap,Womit hält man sich an frostigen Tagen warm?,p04,f32,f32,False,False,False,False,0.6998074208557237,0.45057521668931744,Die Sekunde ist die SI-Einheit der Zeit.,
raw_bytes,1024,s05,semantic_no_overlap,Was hilft dem Organismus beim nächtlichen Regenerieren?,p05,f30,f30,False,False,False,False,0.6294854765725557,0.24282598966273528,Das Kilogramm ist die SI-Einheit der Masse.,
raw_bytes,1024,s06,semantic_no_overlap,Was tankt ein benzinbetriebenes Auto?,p06,p02,p02,False,False,False,False,0.7482935022923085,0.517633397292836,Mediziner untersuchen erkrankte Personen.,
raw_bytes,1024,s07,semantic_no_overlap,Welche Künstler erschaffen Gemälde?,p07,p05,p05,False,False,False,False,0.5898438714150058,0.48438293241034347,Schlaf fördert körperliche Erholung.,
raw_bytes,1024,s08,semantic_no_overlap,Wer löscht lodernde Flammen?,p08,f11,f11,False,False,False,False,0.6465985179625089,0.21848858659266096,Ein Oktopus besitzt acht Arme.,
raw_bytes,4096,q01,known,Wie heißt die Hauptstadt Frankreichs?,f01,f01,f01,True,True,False,False,0.6772473887093017,0.6772473887093017,Die Hauptstadt Frankreichs ist Paris.,
raw_bytes,4096,q02,known,Welche Hauptstadt hat Japan?,f02,f12,f12,False,False,False,False,0.7944607627712885,0.4884552964421957,Spinnen besitzen acht Beine.,
raw_bytes,4096,q03,known,Welche Stadt ist Italiens Hauptstadt?,f03,f12,f12,False,False,False,False,0.6391413877366061,0.4652025239312585,Spinnen besitzen acht Beine.,
raw_bytes,4096,q04,known,Bei welcher Temperatur gefriert reines Wasser bei Normaldruck?,f04,f25,f25,False,False,False,False,0.6534041036891721,0.6332199571029018,Der elektrische Widerstand wird in Ohm gemessen.,
raw_bytes,4096,q05,known,Bei wie viel Grad siedet Wasser unter Normaldruck?,f05,f30,f30,False,False,False,False,0.7029199269888777,0.5901242234378516,Das Kilogramm ist die SI-Einheit der Masse.,
raw_bytes,4096,q06,known,Wie lange benötigt die Erde für einen Umlauf um die Sonne?,f06,f29,f29,False,False,False,False,0.520772501293953,0.5093336842106833,Bei einer Geige regen gestrichene Saiten den schallabstrahlenden Korpus an.,
raw_bytes,4096,q07,known,Wie viele Tage dauert ein Umlauf des Mondes relativ zu Sternen?,f07,f07,f07,True,True,False,False,0.6841307309081722,0.6841307309081722,"Ein Umlauf des Mondes relativ zu den Sternen dauert ungefähr 27,3 Tage.",
raw_bytes,4096,q08,known,Was geschieht bei der Photosynthese von Pflanzen?,f08,f30,f30,False,False,False,False,0.7324873659781975,0.5220338397087868,Das Kilogramm ist die SI-Einheit der Masse.,
raw_bytes,4096,q09,known,Welche Funktion erfüllen Mitochondrien in Zellen?,f09,f25,f25,False,False,False,False,0.5987012427391014,0.29759513260523573,Der elektrische Widerstand wird in Ohm gemessen.,
raw_bytes,4096,q10,known,Welche Rolle spielen Bienen für die Bestäubung?,f10,f10,f10,True,True,False,False,0.5987225555350122,0.5987225555350122,Bienen unterstützen die Bestäubung zahlreicher Blütenpflanzen.,
raw_bytes,4096,q11,known,Wie viele Arme besitzt ein Oktopus?,f11,f01,f01,False,False,False,False,0.7254464527882305,0.5012382212078773,Die Hauptstadt Frankreichs ist Paris.,
raw_bytes,4096,q12,known,Wie viele Beine besitzen Spinnen?,f12,f27,f27,False,False,False,False,0.7281732682387302,0.4999331960981051,Die elektrische Spannung wird in Volt gemessen.,
raw_bytes,4096,q13,known,Sind Wale Säugetiere?,f13,f31,f31,False,False,False,False,0.5343728673162496,0.23665462597237003,Der Meter ist die SI-Einheit der Länge.,
raw_bytes,4096,q14,known,Leitet Kupfer elektrischen Strom?,f14,f14,f14,True,True,False,False,0.8353302203940769,0.8353302203940769,Kupfer leitet elektrischen Strom sehr gut.,
raw_bytes,4096,q15,known,Warum kann Fensterglas unter Belastung brechen?,f15,f27,f27,False,False,False,False,0.605474238808956,0.41762353528749996,Die elektrische Spannung wird in Volt gemessen.,
raw_bytes,4096,q16,known,In welche Anteile zerlegt eine Fourierreihe periodische Funktionen?,f16,f16,f16,True,True,False,False,0.7064440509224678,0.7064440509224678,Eine Fourierreihe zerlegt eine periodische Funktion in Sinus- und Kosinusanteile.,
raw_bytes,4096,q17,known,Wie entsteht Interferenz zwischen Wellen?,f17,f27,f27,False,False,False,False,0.6933833000535894,0.38295338820229413,Die elektrische Spannung wird in Volt gemessen.,
raw_bytes,4096,q18,known,Wie berechnet man die Wellenlänge aus Frequenz und Geschwindigkeit?,f18,f04,f04,False,False,False,False,0.6481677100835328,0.4315722897830526,Reines Wasser gefriert bei Normaldruck bei null Grad Celsius.,
raw_bytes,4096,q19,known,Was berechnet der FFT-Algorithmus?,f19,f31,f31,False,False,False,False,0.7860642688011955,0.4503967408911317,Der Meter ist die SI-Einheit der Länge.,
raw_bytes,4096,q20,known,Wie kodiert UTF-8 Unicode-Zeichen?,f20,f01,f01,False,False,False,False,0.6974843101634768,0.5064379712422273,Die Hauptstadt Frankreichs ist Paris.,
raw_bytes,4096,q21,known,Sind Python-Listen veränderbar und geordnet?,f21,f13,f13,False,False,False,False,0.581628519810051,0.4244900537814198,Wale gehören zu den Säugetieren und atmen Luft.,
raw_bytes,4096,q22,known,Was bedeutet aufsteigende Sortierung bei Zahlen?,f22,f25,f25,False,False,False,False,0.7144428736621241,0.5924374743559523,Der elektrische Widerstand wird in Ohm gemessen.,
raw_bytes,4096,q23,known,Wie hilft eine kryptografische Prüfsumme bei Veränderungen der Daten?,f23,f16,f16,False,False,False,False,0.5503718145134593,0.3138895638421172,Eine Fourierreihe zerlegt eine periodische Funktion in Sinus- und Kosinusanteile.,
raw_bytes,4096,q24,known,Was speichert ein Kondensator?,f24,f31,f31,False,False,False,False,0.7200371660698908,0.39875729307046204,Der Meter ist die SI-Einheit der Länge.,
raw_bytes,4096,q25,known,Welche Einheit hat der elektrische Widerstand?,f25,f32,f32,False,False,False,False,0.6426004909788683,0.6412172209986893,Die Sekunde ist die SI-Einheit der Zeit.,
raw_bytes,4096,q26,known,In welcher Einheit misst man elektrische Stromstärke?,f26,f27,f27,False,False,False,False,0.5819529904327669,0.4505300221507271,Die elektrische Spannung wird in Volt gemessen.,
raw_bytes,4096,q27,known,Welche Einheit verwendet man für elektrische Spannung?,f27,f05,f05,False,False,False,False,0.5807781599387762,0.5526613093390809,Reines Wasser siedet bei Normaldruck bei hundert Grad Celsius.,
raw_bytes,4096,q28,known,Was schwingt im Inneren einer Flöte?,f28,p07,p07,False,False,False,False,0.7044116362956833,0.3758007818677207,Maler gestalten farbige Bilder.,
raw_bytes,4096,q29,known,Wie erzeugen gestrichene Saiten einer Geige Schall?,f29,f27,f27,False,False,False,False,0.7134961629449343,0.5259334948641439,Die elektrische Spannung wird in Volt gemessen.,
raw_bytes,4096,q30,known,Welche Größe misst man in Kilogramm?,f30,f14,f14,False,False,False,False,0.5470761613332153,0.47591880623642047,Kupfer leitet elektrischen Strom sehr gut.,
raw_bytes,4096,q31,known,Welche Größe wird in Meter angegeben?,f31,f04,f04,False,False,False,False,0.49967426154814976,0.4032528495907288,Reines Wasser gefriert bei Normaldruck bei null Grad Celsius.,
raw_bytes,4096,q32,known,Welche Größe hat die SI-Einheit Sekunde?,f32,f14,f14,False,False,False,False,0.5516593734005333,0.42926865670068604,Kupfer leitet elektrischen Strom sehr gut.,
raw_bytes,4096,n01,null,Wer gewann gestern die Wahl in Atlantis?,,f32,f32,False,False,False,False,0.781283648741079,,Die Sekunde ist die SI-Einheit der Zeit.,
raw_bytes,4096,n02,null,Was ist mein persönliches Bankpasswort?,,f01,f01,False,False,False,False,0.6052806904976266,,Die Hauptstadt Frankreichs ist Paris.,
raw_bytes,4096,n03,null,Nenne das geheime Rezept der Firma Wolkentrank.,,f27,f27,False,False,False,False,0.6628738758114139,,Die elektrische Spannung wird in Volt gemessen.,
raw_bytes,4096,n04,null,Wie heißt die Hauptstadt Brasiliens?,,f01,f01,False,False,False,False,0.7477115864956305,,Die Hauptstadt Frankreichs ist Paris.,
raw_bytes,4096,n05,null,Welche Spannung benötigt das Gerät ZXQ-987?,,f27,f27,False,False,False,False,0.5174798884914842,,Die elektrische Spannung wird in Volt gemessen.,
raw_bytes,4096,n06,null,Welcher Oktopus lebt in meinem Aquarium?,,p07,p07,False,False,False,False,0.7604366321701301,,Maler gestalten farbige Bilder.,
raw_bytes,4096,n07,null,Wie viel kostet morgen ein Kilogramm Gold?,,f01,f01,False,False,False,False,0.714038236063087,,Die Hauptstadt Frankreichs ist Paris.,
raw_bytes,4096,n08,null,,,,f01,True,False,True,True,0.0,,,Prompt must contain text
raw_bytes,4096,n09,null,zxqv jjjzz 983742095,,p06,p06,False,False,False,False,0.5371957324601031,,Kraftstoff versorgt Verbrennungsmotoren.,
raw_bytes,4096,n10,null,Erfinde ein bislang unbekanntes mathematisches Theorem mit Beweis.,,f20,f20,False,False,False,False,0.6392788429137537,,UTF-8 kodiert Unicode-Zeichen als Folgen von einem bis vier Bytes.,
raw_bytes,4096,s01,semantic_no_overlap,Welches Haustier sollte täglich spazieren gehen?,p01,f27,f27,False,False,False,False,0.5626454054297181,0.42216085018850436,Die elektrische Spannung wird in Volt gemessen.,
raw_bytes,4096,s02,semantic_no_overlap,Wer diagnostiziert Leiden bei Patienten?,p02,f32,f32,False,False,False,False,0.7174667185470787,0.5335668550454322,Die Sekunde ist die SI-Einheit der Zeit.,
raw_bytes,4096,s03,semantic_no_overlap,Welche Berufsgruppe steuert Wasserfahrzeuge?,p03,f14,f14,False,False,False,False,0.6335811467169746,0.26173706956613946,Kupfer leitet elektrischen Strom sehr gut.,
raw_bytes,4096,s04,semantic_no_overlap,Womit hält man sich an frostigen Tagen warm?,p04,f32,f32,False,False,False,False,0.6998074208557236,0.4505752166893175,Die Sekunde ist die SI-Einheit der Zeit.,
raw_bytes,4096,s05,semantic_no_overlap,Was hilft dem Organismus beim nächtlichen Regenerieren?,p05,f30,f30,False,False,False,False,0.6294854765725557,0.24282598966273528,Das Kilogramm ist die SI-Einheit der Masse.,
raw_bytes,4096,s06,semantic_no_overlap,Was tankt ein benzinbetriebenes Auto?,p06,p02,p02,False,False,False,False,0.7482935022923087,0.517633397292836,Mediziner untersuchen erkrankte Personen.,
raw_bytes,4096,s07,semantic_no_overlap,Welche Künstler erschaffen Gemälde?,p07,p05,p05,False,False,False,False,0.5898438714150059,0.48438293241034347,Schlaf fördert körperliche Erholung.,
raw_bytes,4096,s08,semantic_no_overlap,Wer löscht lodernde Flammen?,p08,f11,f11,False,False,False,False,0.6465985179625089,0.21848858659266096,Ein Oktopus besitzt acht Arme.,
raw_bytes,16384,q01,known,Wie heißt die Hauptstadt Frankreichs?,f01,f01,f01,True,True,False,False,0.6772473887093018,0.6772473887093018,Die Hauptstadt Frankreichs ist Paris.,
raw_bytes,16384,q02,known,Welche Hauptstadt hat Japan?,f02,f12,f12,False,False,False,False,0.7944607627712885,0.48845529644219576,Spinnen besitzen acht Beine.,
raw_bytes,16384,q03,known,Welche Stadt ist Italiens Hauptstadt?,f03,f12,f12,False,False,False,False,0.6391413877366061,0.46520252393125855,Spinnen besitzen acht Beine.,
raw_bytes,16384,q04,known,Bei welcher Temperatur gefriert reines Wasser bei Normaldruck?,f04,f25,f25,False,False,False,False,0.6534041036891722,0.6332199571029018,Der elektrische Widerstand wird in Ohm gemessen.,
raw_bytes,16384,q05,known,Bei wie viel Grad siedet Wasser unter Normaldruck?,f05,f30,f30,False,False,False,False,0.7029199269888778,0.5901242234378516,Das Kilogramm ist die SI-Einheit der Masse.,
raw_bytes,16384,q06,known,Wie lange benötigt die Erde für einen Umlauf um die Sonne?,f06,f29,f29,False,False,False,False,0.520772501293953,0.5093336842106833,Bei einer Geige regen gestrichene Saiten den schallabstrahlenden Korpus an.,
raw_bytes,16384,q07,known,Wie viele Tage dauert ein Umlauf des Mondes relativ zu Sternen?,f07,f07,f07,True,True,False,False,0.6841307309081723,0.6841307309081723,"Ein Umlauf des Mondes relativ zu den Sternen dauert ungefähr 27,3 Tage.",
raw_bytes,16384,q08,known,Was geschieht bei der Photosynthese von Pflanzen?,f08,f30,f30,False,False,False,False,0.7324873659781974,0.5220338397087869,Das Kilogramm ist die SI-Einheit der Masse.,
raw_bytes,16384,q09,known,Welche Funktion erfüllen Mitochondrien in Zellen?,f09,f25,f25,False,False,False,False,0.5987012427391016,0.29759513260523573,Der elektrische Widerstand wird in Ohm gemessen.,
raw_bytes,16384,q10,known,Welche Rolle spielen Bienen für die Bestäubung?,f10,f10,f10,True,True,False,False,0.5987225555350122,0.5987225555350122,Bienen unterstützen die Bestäubung zahlreicher Blütenpflanzen.,
raw_bytes,16384,q11,known,Wie viele Arme besitzt ein Oktopus?,f11,f01,f01,False,False,False,False,0.7254464527882305,0.5012382212078772,Die Hauptstadt Frankreichs ist Paris.,
raw_bytes,16384,q12,known,Wie viele Beine besitzen Spinnen?,f12,f27,f27,False,False,False,False,0.7281732682387302,0.4999331960981051,Die elektrische Spannung wird in Volt gemessen.,
raw_bytes,16384,q13,known,Sind Wale Säugetiere?,f13,f31,f31,False,False,False,False,0.5343728673162493,0.23665462597237,Der Meter ist die SI-Einheit der Länge.,
raw_bytes,16384,q14,known,Leitet Kupfer elektrischen Strom?,f14,f14,f14,True,True,False,False,0.8353302203940769,0.8353302203940769,Kupfer leitet elektrischen Strom sehr gut.,
raw_bytes,16384,q15,known,Warum kann Fensterglas unter Belastung brechen?,f15,f27,f27,False,False,False,False,0.605474238808956,0.41762353528749996,Die elektrische Spannung wird in Volt gemessen.,
raw_bytes,16384,q16,known,In welche Anteile zerlegt eine Fourierreihe periodische Funktionen?,f16,f16,f16,True,True,False,False,0.7064440509224676,0.7064440509224676,Eine Fourierreihe zerlegt eine periodische Funktion in Sinus- und Kosinusanteile.,
raw_bytes,16384,q17,known,Wie entsteht Interferenz zwischen Wellen?,f17,f27,f27,False,False,False,False,0.6933833000535894,0.3829533882022941,Die elektrische Spannung wird in Volt gemessen.,
raw_bytes,16384,q18,known,Wie berechnet man die Wellenlänge aus Frequenz und Geschwindigkeit?,f18,f04,f04,False,False,False,False,0.6481677100835328,0.4315722897830526,Reines Wasser gefriert bei Normaldruck bei null Grad Celsius.,
raw_bytes,16384,q19,known,Was berechnet der FFT-Algorithmus?,f19,f31,f31,False,False,False,False,0.7860642688011954,0.4503967408911317,Der Meter ist die SI-Einheit der Länge.,
raw_bytes,16384,q20,known,Wie kodiert UTF-8 Unicode-Zeichen?,f20,f01,f01,False,False,False,False,0.6974843101634767,0.5064379712422272,Die Hauptstadt Frankreichs ist Paris.,
raw_bytes,16384,q21,known,Sind Python-Listen veränderbar und geordnet?,f21,f13,f13,False,False,False,False,0.581628519810051,0.4244900537814198,Wale gehören zu den Säugetieren und atmen Luft.,
raw_bytes,16384,q22,known,Was bedeutet aufsteigende Sortierung bei Zahlen?,f22,f25,f25,False,False,False,False,0.7144428736621242,0.5924374743559522,Der elektrische Widerstand wird in Ohm gemessen.,
raw_bytes,16384,q23,known,Wie hilft eine kryptografische Prüfsumme bei Veränderungen der Daten?,f23,f16,f16,False,False,False,False,0.5503718145134593,0.31388956384211725,Eine Fourierreihe zerlegt eine periodische Funktion in Sinus- und Kosinusanteile.,
raw_bytes,16384,q24,known,Was speichert ein Kondensator?,f24,f31,f31,False,False,False,False,0.7200371660698908,0.3987572930704621,Der Meter ist die SI-Einheit der Länge.,
raw_bytes,16384,q25,known,Welche Einheit hat der elektrische Widerstand?,f25,f32,f32,False,False,False,False,0.6426004909788684,0.6412172209986893,Die Sekunde ist die SI-Einheit der Zeit.,
raw_bytes,16384,q26,known,In welcher Einheit misst man elektrische Stromstärke?,f26,f27,f27,False,False,False,False,0.5819529904327669,0.450530022150727,Die elektrische Spannung wird in Volt gemessen.,
raw_bytes,16384,q27,known,Welche Einheit verwendet man für elektrische Spannung?,f27,f05,f05,False,False,False,False,0.5807781599387762,0.552661309339081,Reines Wasser siedet bei Normaldruck bei hundert Grad Celsius.,
raw_bytes,16384,q28,known,Was schwingt im Inneren einer Flöte?,f28,p07,p07,False,False,False,False,0.7044116362956833,0.3758007818677207,Maler gestalten farbige Bilder.,
raw_bytes,16384,q29,known,Wie erzeugen gestrichene Saiten einer Geige Schall?,f29,f27,f27,False,False,False,False,0.7134961629449343,0.5259334948641438,Die elektrische Spannung wird in Volt gemessen.,
raw_bytes,16384,q30,known,Welche Größe misst man in Kilogramm?,f30,f14,f14,False,False,False,False,0.5470761613332153,0.47591880623642047,Kupfer leitet elektrischen Strom sehr gut.,
raw_bytes,16384,q31,known,Welche Größe wird in Meter angegeben?,f31,f04,f04,False,False,False,False,0.49967426154814976,0.40325284959072893,Reines Wasser gefriert bei Normaldruck bei null Grad Celsius.,
raw_bytes,16384,q32,known,Welche Größe hat die SI-Einheit Sekunde?,f32,f14,f14,False,False,False,False,0.5516593734005334,0.42926865670068604,Kupfer leitet elektrischen Strom sehr gut.,
raw_bytes,16384,n01,null,Wer gewann gestern die Wahl in Atlantis?,,f32,f32,False,False,False,False,0.781283648741079,,Die Sekunde ist die SI-Einheit der Zeit.,
raw_bytes,16384,n02,null,Was ist mein persönliches Bankpasswort?,,f01,f01,False,False,False,False,0.6052806904976266,,Die Hauptstadt Frankreichs ist Paris.,
raw_bytes,16384,n03,null,Nenne das geheime Rezept der Firma Wolkentrank.,,f27,f27,False,False,False,False,0.6628738758114139,,Die elektrische Spannung wird in Volt gemessen.,
raw_bytes,16384,n04,null,Wie heißt die Hauptstadt Brasiliens?,,f01,f01,False,False,False,False,0.7477115864956305,,Die Hauptstadt Frankreichs ist Paris.,
raw_bytes,16384,n05,null,Welche Spannung benötigt das Gerät ZXQ-987?,,f27,f27,False,False,False,False,0.5174798884914842,,Die elektrische Spannung wird in Volt gemessen.,
raw_bytes,16384,n06,null,Welcher Oktopus lebt in meinem Aquarium?,,p07,p07,False,False,False,False,0.76043663217013,,Maler gestalten farbige Bilder.,
raw_bytes,16384,n07,null,Wie viel kostet morgen ein Kilogramm Gold?,,f01,f01,False,False,False,False,0.714038236063087,,Die Hauptstadt Frankreichs ist Paris.,
raw_bytes,16384,n08,null,,,,f01,True,False,True,True,0.0,,,Prompt must contain text
raw_bytes,16384,n09,null,zxqv jjjzz 983742095,,p06,p06,False,False,False,False,0.5371957324601031,,Kraftstoff versorgt Verbrennungsmotoren.,
raw_bytes,16384,n10,null,Erfinde ein bislang unbekanntes mathematisches Theorem mit Beweis.,,f20,f20,False,False,False,False,0.6392788429137537,,UTF-8 kodiert Unicode-Zeichen als Folgen von einem bis vier Bytes.,
raw_bytes,16384,s01,semantic_no_overlap,Welches Haustier sollte täglich spazieren gehen?,p01,f27,f27,False,False,False,False,0.5626454054297181,0.42216085018850436,Die elektrische Spannung wird in Volt gemessen.,
raw_bytes,16384,s02,semantic_no_overlap,Wer diagnostiziert Leiden bei Patienten?,p02,f32,f32,False,False,False,False,0.7174667185470787,0.5335668550454322,Die Sekunde ist die SI-Einheit der Zeit.,
raw_bytes,16384,s03,semantic_no_overlap,Welche Berufsgruppe steuert Wasserfahrzeuge?,p03,f14,f14,False,False,False,False,0.6335811467169746,0.2617370695661395,Kupfer leitet elektrischen Strom sehr gut.,
raw_bytes,16384,s04,semantic_no_overlap,Womit hält man sich an frostigen Tagen warm?,p04,f32,f32,False,False,False,False,0.6998074208557237,0.4505752166893175,Die Sekunde ist die SI-Einheit der Zeit.,
raw_bytes,16384,s05,semantic_no_overlap,Was hilft dem Organismus beim nächtlichen Regenerieren?,p05,f30,f30,False,False,False,False,0.6294854765725557,0.2428259896627353,Das Kilogramm ist die SI-Einheit der Masse.,
raw_bytes,16384,s06,semantic_no_overlap,Was tankt ein benzinbetriebenes Auto?,p06,p02,p02,False,False,False,False,0.7482935022923085,0.5176333972928362,Mediziner untersuchen erkrankte Personen.,
raw_bytes,16384,s07,semantic_no_overlap,Welche Künstler erschaffen Gemälde?,p07,p05,p05,False,False,False,False,0.589843871415006,0.4843829324103436,Schlaf fördert körperliche Erholung.,
raw_bytes,16384,s08,semantic_no_overlap,Wer löscht lodernde Flammen?,p08,f11,f11,False,False,False,False,0.6465985179625089,0.21848858659266093,Ein Oktopus besitzt acht Arme.,
words,256,q01,known,Wie heißt die Hauptstadt Frankreichs?,f01,f01,f01,True,True,False,False,0.6666666666666667,0.6666666666666667,Die Hauptstadt Frankreichs ist Paris.,
words,256,q02,known,Welche Hauptstadt hat Japan?,f02,f01,f03,False,False,False,False,0.408248290463863,0.3535533905932737,Die Hauptstadt Frankreichs ist Paris.,
words,256,q03,known,Welche Stadt ist Italiens Hauptstadt?,f03,f03,f03,True,True,False,False,0.6666666666666669,0.6666666666666669,Die Hauptstadt Italiens ist Rom.,
words,256,q04,known,Bei welcher Temperatur gefriert reines Wasser bei Normaldruck?,f04,f04,f04,True,True,False,False,0.6761234037828132,0.6761234037828132,Reines Wasser gefriert bei Normaldruck bei null Grad Celsius.,
words,256,q05,known,Bei wie viel Grad siedet Wasser unter Normaldruck?,f05,f05,f05,True,True,False,False,0.6761234037828132,0.6761234037828132,Reines Wasser siedet bei Normaldruck bei hundert Grad Celsius.,
words,256,q06,known,Wie lange benötigt die Erde für einen Umlauf um die Sonne?,f06,f06,f06,True,True,False,False,0.6761234037828132,0.6761234037828132,Die Erde benötigt für einen Umlauf um die Sonne ungefähr 365 Tage.,
words,256,q07,known,Wie viele Tage dauert ein Umlauf des Mondes relativ zu Sternen?,f07,f07,f07,True,True,False,False,0.7977240352174655,0.7977240352174655,"Ein Umlauf des Mondes relativ zu den Sternen dauert ungefähr 27,3 Tage.",
words,256,q08,known,Was geschieht bei der Photosynthese von Pflanzen?,f08,f08,f08,True,True,False,False,0.4714045207910318,0.4714045207910318,Bei der Photosynthese wandeln Pflanzen Lichtenergie in chemische Energie um.,
words,256,q09,known,Welche Funktion erfüllen Mitochondrien in Zellen?,f09,f09,f09,True,True,False,False,0.3535533905932737,0.3535533905932737,Mitochondrien stellen in vielen Zellen einen großen Teil des ATP bereit.,
words,256,q10,known,Welche Rolle spielen Bienen für die Bestäubung?,f10,f10,f10,True,True,False,False,0.44721359549995787,0.44721359549995787,Bienen unterstützen die Bestäubung zahlreicher Blütenpflanzen.,
words,256,q11,known,Wie viele Arme besitzt ein Oktopus?,f11,f11,f11,True,True,False,False,0.75,0.75,Ein Oktopus besitzt acht Arme.,
words,256,q12,known,Wie viele Beine besitzen Spinnen?,f12,f12,f12,True,True,False,False,0.75,0.75,Spinnen besitzen acht Beine.,
words,256,q13,known,Sind Wale Säugetiere?,f13,f13,f10,True,False,False,False,0.3162277660168379,0.3162277660168379,Wale gehören zu den Säugetieren und atmen Luft.,
words,256,q14,known,Leitet Kupfer elektrischen Strom?,f14,f14,f14,True,True,False,False,0.816496580927726,0.816496580927726,Kupfer leitet elektrischen Strom sehr gut.,
words,256,q15,known,Warum kann Fensterglas unter Belastung brechen?,f15,f15,f15,True,True,False,False,0.7745966692414834,0.7745966692414834,Gewöhnliches Fensterglas ist spröde und kann unter Belastung brechen.,
words,256,q16,known,In welche Anteile zerlegt eine Fourierreihe periodische Funktionen?,f16,f16,f16,True,True,False,False,0.5477225575051661,0.5477225575051661,Eine Fourierreihe zerlegt eine periodische Funktion in Sinus- und Kosinusanteile.,
words,256,q17,known,Wie entsteht Interferenz zwischen Wellen?,f17,f17,f17,True,True,False,False,0.6708203932499369,0.6708203932499369,Interferenz entsteht durch die Überlagerung mehrerer Wellen.,
words,256,q18,known,Wie berechnet man die Wellenlänge aus Frequenz und Geschwindigkeit?,f18,f18,f18,True,True,False,False,0.44721359549995787,0.44721359549995787,Die Wellenlänge ergibt sich aus der Ausbreitungsgeschwindigkeit geteilt durch die Frequenz.,
words,256,q19,known,Was berechnet der FFT-Algorithmus?,f19,f19,f19,True,True,False,False,0.4714045207910318,0.4714045207910318,Die FFT ist ein schneller Algorithmus zur Berechnung der diskreten Fouriertransformation.,
words,256,q20,known,Wie kodiert UTF-8 Unicode-Zeichen?,f20,f20,f20,True,True,False,False,0.7905694150420947,0.7905694150420947,UTF-8 kodiert Unicode-Zeichen als Folgen von einem bis vier Bytes.,
words,256,q21,known,Sind Python-Listen veränderbar und geordnet?,f21,f21,f21,True,True,False,False,0.4082482904638631,0.4082482904638631,Python-Listen sind geordnete veränderbare Folgen von Objekten.,
words,256,q22,known,Was bedeutet aufsteigende Sortierung bei Zahlen?,f22,f22,f22,True,True,False,False,0.6123724356957945,0.6123724356957945,Aufsteigende Sortierung ordnet Zahlen von klein nach groß.,
words,256,q23,known,Wie hilft eine kryptografische Prüfsumme bei Veränderungen der Daten?,f23,f23,f23,True,True,False,False,0.6761234037828131,0.6761234037828131,Eine kryptografische Prüfsumme kann Veränderungen gespeicherter Daten erkennbar machen.,
words,256,q24,known,Was speichert ein Kondensator?,f24,f24,f24,True,True,False,False,0.5345224838248487,0.5345224838248487,Ein Kondensator speichert elektrische Ladung und Energie im elektrischen Feld.,
words,256,q25,known,Welche Einheit hat der elektrische Widerstand?,f25,f25,f25,True,True,False,False,0.577350269189626,0.577350269189626,Der elektrische Widerstand wird in Ohm gemessen.,
words,256,q26,known,In welcher Einheit misst man elektrische Stromstärke?,f26,f26,f26,True,True,False,False,0.5,0.5,Die elektrische Stromstärke wird in Ampere gemessen.,
words,256,q27,known,Welche Einheit verwendet man für elektrische Spannung?,f27,f27,f27,True,True,False,False,0.5,0.5,Die elektrische Spannung wird in Volt gemessen.,
words,256,q28,known,Was schwingt im Inneren einer Flöte?,f28,f28,f28,True,True,False,False,0.5163977794943223,0.5163977794943223,Bei einer Flöte schwingt hauptsächlich die Luftsäule im Instrument.,
words,256,q29,known,Wie erzeugen gestrichene Saiten einer Geige Schall?,f29,f29,f29,True,True,False,False,0.6324555320336758,0.6324555320336758,Bei einer Geige regen gestrichene Saiten den schallabstrahlenden Korpus an.,
words,256,q30,known,Welche Größe misst man in Kilogramm?,f30,f30,f30,True,True,False,False,0.28867513459481287,0.28867513459481287,Das Kilogramm ist die SI-Einheit der Masse.,
words,256,q31,known,Welche Größe wird in Meter angegeben?,f31,f31,f31,True,True,False,False,0.28867513459481287,0.28867513459481287,Der Meter ist die SI-Einheit der Länge.,
words,256,q32,known,Welche Größe hat die SI-Einheit Sekunde?,f32,f32,f32,True,True,False,False,0.75,0.75,Die Sekunde ist die SI-Einheit der Zeit.,
words,256,n01,null,Wer gewann gestern die Wahl in Atlantis?,,,f08,True,False,True,False,0.2041241452319315,,Keine ausreichend passende gespeicherte Textstelle gefunden.,
words,256,n02,null,Was ist mein persönliches Bankpasswort?,,,f24,True,False,True,False,2.6454533008646308e-17,,Keine ausreichend passende gespeicherte Textstelle gefunden.,
words,256,n03,null,Nenne das geheime Rezept der Firma Wolkentrank.,,,f10,True,False,True,False,0.22360679774997896,,Keine ausreichend passende gespeicherte Textstelle gefunden.,
words,256,n04,null,Wie heißt die Hauptstadt Brasiliens?,,f02,f02,False,False,False,False,0.5773502691896257,,Die Hauptstadt Japans heißt Tokio.,
words,256,n05,null,Welche Spannung benötigt das Gerät ZXQ-987?,,f27,f27,False,False,False,False,0.22360679774997894,,Die elektrische Spannung wird in Volt gemessen.,
words,256,n06,null,Welcher Oktopus lebt in meinem Aquarium?,,f11,f11,False,False,False,False,0.25,,Ein Oktopus besitzt acht Arme.,
words,256,n07,null,Wie viel kostet morgen ein Kilogramm Gold?,,f30,p08,False,False,False,False,0.2581988897471611,,Das Kilogramm ist die SI-Einheit der Masse.,
words,256,n08,null,,,,f01,True,False,True,True,0.0,,,Prompt must contain text
words,256,n09,null,zxqv jjjzz 983742095,,,f16,True,False,True,False,0.2357022603955159,,Keine ausreichend passende gespeicherte Textstelle gefunden.,
words,256,n10,null,Erfinde ein bislang unbekanntes mathematisches Theorem mit Beweis.,,,p05,True,False,True,False,0.2041241452319315,,Keine ausreichend passende gespeicherte Textstelle gefunden.,
words,256,s01,semantic_no_overlap,Welches Haustier sollte täglich spazieren gehen?,p01,,f20,False,False,True,False,0.15811388300841894,6.938893903907228e-18,Keine ausreichend passende gespeicherte Textstelle gefunden.,
words,256,s02,semantic_no_overlap,Wer diagnostiziert Leiden bei Patienten?,p02,,f18,False,False,True,False,0.2581988897471612,2.2551405187698492e-17,Keine ausreichend passende gespeicherte Textstelle gefunden.,
words,256,s03,semantic_no_overlap,Welche Berufsgruppe steuert Wasserfahrzeuge?,p03,,f16,False,False,True,False,0.2357022603955159,-6.505213034913027e-19,Keine ausreichend passende gespeicherte Textstelle gefunden.,
words,256,s04,semantic_no_overlap,Womit hält man sich an frostigen Tagen warm?,p04,,p08,False,False,True,False,0.2581988897471612,-3.426078865054194e-17,Keine ausreichend passende gespeicherte Textstelle gefunden.,
words,256,s05,semantic_no_overlap,Was hilft dem Organismus beim nächtlichen Regenerieren?,p05,,f29,False,False,True,False,0.15811388300841894,1.734723475976807e-18,Keine ausreichend passende gespeicherte Textstelle gefunden.,
words,256,s06,semantic_no_overlap,Was tankt ein benzinbetriebenes Auto?,p06,,f22,False,False,True,False,0.2357022603955159,3.469446951953614e-17,Keine ausreichend passende gespeicherte Textstelle gefunden.,
words,256,s07,semantic_no_overlap,Welche Künstler erschaffen Gemälde?,p07,,p08,False,False,True,False,0.33333333333333337,-5.204170427930421e-18,Keine ausreichend passende gespeicherte Textstelle gefunden.,
words,256,s08,semantic_no_overlap,Wer löscht lodernde Flammen?,p08,,f29,False,False,True,False,0.408248290463863,3.642919299551295e-17,Keine ausreichend passende gespeicherte Textstelle gefunden.,
words,1024,q01,known,Wie heißt die Hauptstadt Frankreichs?,f01,f01,f01,True,True,False,False,0.6666666666666669,0.6666666666666669,Die Hauptstadt Frankreichs ist Paris.,
words,1024,q02,known,Welche Hauptstadt hat Japan?,f02,f01,f01,False,False,False,False,0.408248290463863,0.35355339059327373,Die Hauptstadt Frankreichs ist Paris.,
words,1024,q03,known,Welche Stadt ist Italiens Hauptstadt?,f03,f03,f03,True,True,False,False,0.6666666666666667,0.6666666666666667,Die Hauptstadt Italiens ist Rom.,
words,1024,q04,known,Bei welcher Temperatur gefriert reines Wasser bei Normaldruck?,f04,f04,f04,True,True,False,False,0.6761234037828132,0.6761234037828132,Reines Wasser gefriert bei Normaldruck bei null Grad Celsius.,
words,1024,q05,known,Bei wie viel Grad siedet Wasser unter Normaldruck?,f05,f05,f05,True,True,False,False,0.6761234037828132,0.6761234037828132,Reines Wasser siedet bei Normaldruck bei hundert Grad Celsius.,
words,1024,q06,known,Wie lange benötigt die Erde für einen Umlauf um die Sonne?,f06,f06,f06,True,True,False,False,0.6761234037828132,0.6761234037828132,Die Erde benötigt für einen Umlauf um die Sonne ungefähr 365 Tage.,
words,1024,q07,known,Wie viele Tage dauert ein Umlauf des Mondes relativ zu Sternen?,f07,f07,f07,True,True,False,False,0.7559289460184543,0.7559289460184543,"Ein Umlauf des Mondes relativ zu den Sternen dauert ungefähr 27,3 Tage.",
words,1024,q08,known,Was geschieht bei der Photosynthese von Pflanzen?,f08,f08,f08,True,True,False,False,0.4714045207910318,0.4714045207910318,Bei der Photosynthese wandeln Pflanzen Lichtenergie in chemische Energie um.,
words,1024,q09,known,Welche Funktion erfüllen Mitochondrien in Zellen?,f09,f09,f09,True,True,False,False,0.35355339059327373,0.35355339059327373,Mitochondrien stellen in vielen Zellen einen großen Teil des ATP bereit.,
words,1024,q10,known,Welche Rolle spielen Bienen für die Bestäubung?,f10,f10,f10,True,True,False,False,0.4472135954999579,0.4472135954999579,Bienen unterstützen die Bestäubung zahlreicher Blütenpflanzen.,
words,1024,q11,known,Wie viele Arme besitzt ein Oktopus?,f11,f11,f11,True,True,False,False,0.75,0.75,Ein Oktopus besitzt acht Arme.,
words,1024,q12,known,Wie viele Beine besitzen Spinnen?,f12,f12,f12,True,True,False,False,0.75,0.75,Spinnen besitzen acht Beine.,
words,1024,q13,known,Sind Wale Säugetiere?,f13,f13,f13,True,True,False,False,0.3162277660168379,0.3162277660168379,Wale gehören zu den Säugetieren und atmen Luft.,
words,1024,q14,known,Leitet Kupfer elektrischen Strom?,f14,f14,f14,True,True,False,False,0.816496580927726,0.816496580927726,Kupfer leitet elektrischen Strom sehr gut.,
words,1024,q15,known,Warum kann Fensterglas unter Belastung brechen?,f15,f15,f15,True,True,False,False,0.7745966692414834,0.7745966692414834,Gewöhnliches Fensterglas ist spröde und kann unter Belastung brechen.,
words,1024,q16,known,In welche Anteile zerlegt eine Fourierreihe periodische Funktionen?,f16,f16,f16,True,True,False,False,0.5477225575051662,0.5477225575051662,Eine Fourierreihe zerlegt eine periodische Funktion in Sinus- und Kosinusanteile.,
words,1024,q17,known,Wie entsteht Interferenz zwischen Wellen?,f17,f17,f17,True,True,False,False,0.6708203932499368,0.6708203932499368,Interferenz entsteht durch die Überlagerung mehrerer Wellen.,
words,1024,q18,known,Wie berechnet man die Wellenlänge aus Frequenz und Geschwindigkeit?,f18,f18,f18,True,True,False,False,0.4472135954999579,0.4472135954999579,Die Wellenlänge ergibt sich aus der Ausbreitungsgeschwindigkeit geteilt durch die Frequenz.,
words,1024,q19,known,Was berechnet der FFT-Algorithmus?,f19,f19,f19,True,True,False,False,0.4714045207910318,0.4714045207910318,Die FFT ist ein schneller Algorithmus zur Berechnung der diskreten Fouriertransformation.,
words,1024,q20,known,Wie kodiert UTF-8 Unicode-Zeichen?,f20,f20,f20,True,True,False,False,0.7905694150420947,0.7905694150420947,UTF-8 kodiert Unicode-Zeichen als Folgen von einem bis vier Bytes.,
words,1024,q21,known,Sind Python-Listen veränderbar und geordnet?,f21,f21,f21,True,True,False,False,0.408248290463863,0.408248290463863,Python-Listen sind geordnete veränderbare Folgen von Objekten.,
words,1024,q22,known,Was bedeutet aufsteigende Sortierung bei Zahlen?,f22,f22,f22,True,True,False,False,0.6123724356957947,0.6123724356957947,Aufsteigende Sortierung ordnet Zahlen von klein nach groß.,
words,1024,q23,known,Wie hilft eine kryptografische Prüfsumme bei Veränderungen der Daten?,f23,f23,f23,True,True,False,False,0.6761234037828132,0.6761234037828132,Eine kryptografische Prüfsumme kann Veränderungen gespeicherter Daten erkennbar machen.,
words,1024,q24,known,Was speichert ein Kondensator?,f24,f24,f24,True,True,False,False,0.5345224838248487,0.5345224838248487,Ein Kondensator speichert elektrische Ladung und Energie im elektrischen Feld.,
words,1024,q25,known,Welche Einheit hat der elektrische Widerstand?,f25,f25,f25,True,True,False,False,0.5773502691896258,0.5773502691896258,Der elektrische Widerstand wird in Ohm gemessen.,
words,1024,q26,known,In welcher Einheit misst man elektrische Stromstärke?,f26,f26,f26,True,True,False,False,0.5,0.5,Die elektrische Stromstärke wird in Ampere gemessen.,
words,1024,q27,known,Welche Einheit verwendet man für elektrische Spannung?,f27,f27,f27,True,True,False,False,0.5,0.5,Die elektrische Spannung wird in Volt gemessen.,
words,1024,q28,known,Was schwingt im Inneren einer Flöte?,f28,f28,f28,True,True,False,False,0.5163977794943223,0.5163977794943223,Bei einer Flöte schwingt hauptsächlich die Luftsäule im Instrument.,
words,1024,q29,known,Wie erzeugen gestrichene Saiten einer Geige Schall?,f29,f29,f29,True,True,False,False,0.5477225575051662,0.5477225575051662,Bei einer Geige regen gestrichene Saiten den schallabstrahlenden Korpus an.,
words,1024,q30,known,Welche Größe misst man in Kilogramm?,f30,f30,f30,True,True,False,False,0.2886751345948129,0.2886751345948129,Das Kilogramm ist die SI-Einheit der Masse.,
words,1024,q31,known,Welche Größe wird in Meter angegeben?,f31,f31,f31,True,True,False,False,0.2886751345948129,0.2886751345948129,Der Meter ist die SI-Einheit der Länge.,
words,1024,q32,known,Welche Größe hat die SI-Einheit Sekunde?,f32,f32,f32,True,True,False,False,0.75,0.75,Die Sekunde ist die SI-Einheit der Zeit.,
words,1024,n01,null,Wer gewann gestern die Wahl in Atlantis?,,,f26,True,False,True,False,9.540979117872439e-18,,Keine ausreichend passende gespeicherte Textstelle gefunden.,
words,1024,n02,null,Was ist mein persönliches Bankpasswort?,,,f31,True,False,True,False,1.3010426069826053e-17,,Keine ausreichend passende gespeicherte Textstelle gefunden.,
words,1024,n03,null,Nenne das geheime Rezept der Firma Wolkentrank.,,,f15,True,False,True,False,1.0842021724855044e-17,,Keine ausreichend passende gespeicherte Textstelle gefunden.,
words,1024,n04,null,Wie heißt die Hauptstadt Brasiliens?,,f02,f02,False,False,False,False,0.5773502691896258,,Die Hauptstadt Japans heißt Tokio.,
words,1024,n05,null,Welche Spannung benötigt das Gerät ZXQ-987?,,f27,f27,False,False,False,False,0.22360679774997896,,Die elektrische Spannung wird in Volt gemessen.,
words,1024,n06,null,Welcher Oktopus lebt in meinem Aquarium?,,f11,f11,False,False,False,False,0.25,,Ein Oktopus besitzt acht Arme.,
words,1024,n07,null,Wie viel kostet morgen ein Kilogramm Gold?,,f30,f30,False,False,False,False,0.22360679774997896,,Das Kilogramm ist die SI-Einheit der Masse.,
words,1024,n08,null,,,,f01,True,False,True,True,0.0,,,Prompt must contain text
words,1024,n09,null,zxqv jjjzz 983742095,,,f05,True,False,True,False,3.122502256758253e-17,,Keine ausreichend passende gespeicherte Textstelle gefunden.,
words,1024,n10,null,Erfinde ein bislang unbekanntes mathematisches Theorem mit Beweis.,,,f10,True,False,True,False,0.18257418583505539,,Keine ausreichend passende gespeicherte Textstelle gefunden.,
words,1024,s01,semantic_no_overlap,Welches Haustier sollte täglich spazieren gehen?,p01,,f20,False,False,True,False,1.951563910473908e-17,6.938893903907228e-18,Keine ausreichend passende gespeicherte Textstelle gefunden.,
words,1024,s02,semantic_no_overlap,Wer diagnostiziert Leiden bei Patienten?,p02,,f13,False,False,True,False,0.2581988897471611,6.938893903907228e-18,Keine ausreichend passende gespeicherte Textstelle gefunden.,
words,1024,s03,semantic_no_overlap,Welche Berufsgruppe steuert Wasserfahrzeuge?,p03,,f16,False,False,True,False,0.2357022603955159,-1.3444106938820255e-17,Keine ausreichend passende gespeicherte Textstelle gefunden.,
words,1024,s04,semantic_no_overlap,Womit hält man sich an frostigen Tagen warm?,p04,,f24,False,False,True,False,1.0408340855860843e-17,-1.1058862159352145e-17,Keine ausreichend passende gespeicherte Textstelle gefunden.,
words,1024,s05,semantic_no_overlap,Was hilft dem Organismus beim nächtlichen Regenerieren?,p05,,f25,False,False,True,False,1.474514954580286e-17,3.903127820947816e-18,Keine ausreichend passende gespeicherte Textstelle gefunden.,
words,1024,s06,semantic_no_overlap,Was tankt ein benzinbetriebenes Auto?,p06,,p01,False,False,True,False,1.734723475976807e-17,2.6020852139652106e-18,Keine ausreichend passende gespeicherte Textstelle gefunden.,
words,1024,s07,semantic_no_overlap,Welche Künstler erschaffen Gemälde?,p07,,f09,False,False,True,False,1.3227266504323154e-17,4.336808689942018e-19,Keine ausreichend passende gespeicherte Textstelle gefunden.,
words,1024,s08,semantic_no_overlap,Wer löscht lodernde Flammen?,p08,,f29,False,False,True,False,0.2357022603955159,1.734723475976807e-18,Keine ausreichend passende gespeicherte Textstelle gefunden.,
words,4096,q01,known,Wie heißt die Hauptstadt Frankreichs?,f01,f01,f01,True,True,False,False,0.6666666666666669,0.6666666666666669,Die Hauptstadt Frankreichs ist Paris.,
words,4096,q02,known,Welche Hauptstadt hat Japan?,f02,f01,f01,False,False,False,False,0.408248290463863,0.35355339059327373,Die Hauptstadt Frankreichs ist Paris.,
words,4096,q03,known,Welche Stadt ist Italiens Hauptstadt?,f03,f03,f03,True,True,False,False,0.6666666666666667,0.6666666666666667,Die Hauptstadt Italiens ist Rom.,
words,4096,q04,known,Bei welcher Temperatur gefriert reines Wasser bei Normaldruck?,f04,f04,f04,True,True,False,False,0.6761234037828132,0.6761234037828132,Reines Wasser gefriert bei Normaldruck bei null Grad Celsius.,
words,4096,q05,known,Bei wie viel Grad siedet Wasser unter Normaldruck?,f05,f05,f05,True,True,False,False,0.6761234037828132,0.6761234037828132,Reines Wasser siedet bei Normaldruck bei hundert Grad Celsius.,
words,4096,q06,known,Wie lange benötigt die Erde für einen Umlauf um die Sonne?,f06,f06,f06,True,True,False,False,0.6761234037828132,0.6761234037828132,Die Erde benötigt für einen Umlauf um die Sonne ungefähr 365 Tage.,
words,4096,q07,known,Wie viele Tage dauert ein Umlauf des Mondes relativ zu Sternen?,f07,f07,f07,True,True,False,False,0.7559289460184543,0.7559289460184543,"Ein Umlauf des Mondes relativ zu den Sternen dauert ungefähr 27,3 Tage.",
words,4096,q08,known,Was geschieht bei der Photosynthese von Pflanzen?,f08,f08,f08,True,True,False,False,0.4714045207910318,0.4714045207910318,Bei der Photosynthese wandeln Pflanzen Lichtenergie in chemische Energie um.,
words,4096,q09,known,Welche Funktion erfüllen Mitochondrien in Zellen?,f09,f09,f09,True,True,False,False,0.35355339059327373,0.35355339059327373,Mitochondrien stellen in vielen Zellen einen großen Teil des ATP bereit.,
words,4096,q10,known,Welche Rolle spielen Bienen für die Bestäubung?,f10,f10,f10,True,True,False,False,0.4472135954999579,0.4472135954999579,Bienen unterstützen die Bestäubung zahlreicher Blütenpflanzen.,
words,4096,q11,known,Wie viele Arme besitzt ein Oktopus?,f11,f11,f11,True,True,False,False,0.75,0.75,Ein Oktopus besitzt acht Arme.,
words,4096,q12,known,Wie viele Beine besitzen Spinnen?,f12,f12,f12,True,True,False,False,0.75,0.75,Spinnen besitzen acht Beine.,
words,4096,q13,known,Sind Wale Säugetiere?,f13,f13,f13,True,True,False,False,0.3162277660168379,0.3162277660168379,Wale gehören zu den Säugetieren und atmen Luft.,
words,4096,q14,known,Leitet Kupfer elektrischen Strom?,f14,f14,f14,True,True,False,False,0.816496580927726,0.816496580927726,Kupfer leitet elektrischen Strom sehr gut.,
words,4096,q15,known,Warum kann Fensterglas unter Belastung brechen?,f15,f15,f15,True,True,False,False,0.7745966692414835,0.7745966692414835,Gewöhnliches Fensterglas ist spröde und kann unter Belastung brechen.,
words,4096,q16,known,In welche Anteile zerlegt eine Fourierreihe periodische Funktionen?,f16,f16,f16,True,True,False,False,0.5477225575051662,0.5477225575051662,Eine Fourierreihe zerlegt eine periodische Funktion in Sinus- und Kosinusanteile.,
words,4096,q17,known,Wie entsteht Interferenz zwischen Wellen?,f17,f17,f17,True,True,False,False,0.6708203932499369,0.6708203932499369,Interferenz entsteht durch die Überlagerung mehrerer Wellen.,
words,4096,q18,known,Wie berechnet man die Wellenlänge aus Frequenz und Geschwindigkeit?,f18,f18,f18,True,True,False,False,0.4472135954999579,0.4472135954999579,Die Wellenlänge ergibt sich aus der Ausbreitungsgeschwindigkeit geteilt durch die Frequenz.,
words,4096,q19,known,Was berechnet der FFT-Algorithmus?,f19,f19,f19,True,True,False,False,0.4714045207910318,0.4714045207910318,Die FFT ist ein schneller Algorithmus zur Berechnung der diskreten Fouriertransformation.,
words,4096,q20,known,Wie kodiert UTF-8 Unicode-Zeichen?,f20,f20,f20,True,True,False,False,0.7905694150420948,0.7905694150420948,UTF-8 kodiert Unicode-Zeichen als Folgen von einem bis vier Bytes.,
words,4096,q21,known,Sind Python-Listen veränderbar und geordnet?,f21,f21,f21,True,True,False,False,0.408248290463863,0.408248290463863,Python-Listen sind geordnete veränderbare Folgen von Objekten.,
words,4096,q22,known,Was bedeutet aufsteigende Sortierung bei Zahlen?,f22,f22,f22,True,True,False,False,0.6123724356957946,0.6123724356957946,Aufsteigende Sortierung ordnet Zahlen von klein nach groß.,
words,4096,q23,known,Wie hilft eine kryptografische Prüfsumme bei Veränderungen der Daten?,f23,f23,f23,True,True,False,False,0.6761234037828132,0.6761234037828132,Eine kryptografische Prüfsumme kann Veränderungen gespeicherter Daten erkennbar machen.,
words,4096,q24,known,Was speichert ein Kondensator?,f24,f24,f24,True,True,False,False,0.5345224838248487,0.5345224838248487,Ein Kondensator speichert elektrische Ladung und Energie im elektrischen Feld.,
words,4096,q25,known,Welche Einheit hat der elektrische Widerstand?,f25,f25,f25,True,True,False,False,0.5773502691896258,0.5773502691896258,Der elektrische Widerstand wird in Ohm gemessen.,
words,4096,q26,known,In welcher Einheit misst man elektrische Stromstärke?,f26,f26,f26,True,True,False,False,0.5,0.5,Die elektrische Stromstärke wird in Ampere gemessen.,
words,4096,q27,known,Welche Einheit verwendet man für elektrische Spannung?,f27,f27,f27,True,True,False,False,0.5,0.5,Die elektrische Spannung wird in Volt gemessen.,
words,4096,q28,known,Was schwingt im Inneren einer Flöte?,f28,f28,f28,True,True,False,False,0.5163977794943223,0.5163977794943223,Bei einer Flöte schwingt hauptsächlich die Luftsäule im Instrument.,
words,4096,q29,known,Wie erzeugen gestrichene Saiten einer Geige Schall?,f29,f29,f29,True,True,False,False,0.5477225575051661,0.5477225575051661,Bei einer Geige regen gestrichene Saiten den schallabstrahlenden Korpus an.,
words,4096,q30,known,Welche Größe misst man in Kilogramm?,f30,f30,f30,True,True,False,False,0.28867513459481287,0.28867513459481287,Das Kilogramm ist die SI-Einheit der Masse.,
words,4096,q31,known,Welche Größe wird in Meter angegeben?,f31,f31,f31,True,True,False,False,0.2886751345948129,0.2886751345948129,Der Meter ist die SI-Einheit der Länge.,
words,4096,q32,known,Welche Größe hat die SI-Einheit Sekunde?,f32,f32,f32,True,True,False,False,0.75,0.75,Die Sekunde ist die SI-Einheit der Zeit.,
words,4096,n01,null,Wer gewann gestern die Wahl in Atlantis?,,,f09,True,False,True,False,1.214306433183765e-17,,Keine ausreichend passende gespeicherte Textstelle gefunden.,
words,4096,n02,null,Was ist mein persönliches Bankpasswort?,,,f16,True,False,True,False,5.095750210681871e-18,,Keine ausreichend passende gespeicherte Textstelle gefunden.,
words,4096,n03,null,Nenne das geheime Rezept der Firma Wolkentrank.,,,f24,True,False,True,False,1.0408340855860843e-17,,Keine ausreichend passende gespeicherte Textstelle gefunden.,
words,4096,n04,null,Wie heißt die Hauptstadt Brasiliens?,,f02,f02,False,False,False,False,0.5773502691896258,,Die Hauptstadt Japans heißt Tokio.,
words,4096,n05,null,Welche Spannung benötigt das Gerät ZXQ-987?,,f27,f27,False,False,False,False,0.22360679774997894,,Die elektrische Spannung wird in Volt gemessen.,
words,4096,n06,null,Welcher Oktopus lebt in meinem Aquarium?,,f11,f11,False,False,False,False,0.25,,Ein Oktopus besitzt acht Arme.,
words,4096,n07,null,Wie viel kostet morgen ein Kilogramm Gold?,,f30,f30,False,False,False,False,0.22360679774997896,,Das Kilogramm ist die SI-Einheit der Masse.,
words,4096,n08,null,,,,f01,True,False,True,True,0.0,,,Prompt must contain text
words,4096,n09,null,zxqv jjjzz 983742095,,,f19,True,False,True,False,1.3931997916438732e-17,,Keine ausreichend passende gespeicherte Textstelle gefunden.,
words,4096,n10,null,Erfinde ein bislang unbekanntes mathematisches Theorem mit Beweis.,,,f23,True,False,True,False,1.0842021724855044e-17,,Keine ausreichend passende gespeicherte Textstelle gefunden.,
words,4096,s01,semantic_no_overlap,Welches Haustier sollte täglich spazieren gehen?,p01,,f27,False,False,True,False,1.5829351718288365e-17,7.047314121155779e-19,Keine ausreichend passende gespeicherte Textstelle gefunden.,
words,4096,s02,semantic_no_overlap,Wer diagnostiziert Leiden bei Patienten?,p02,,f13,False,False,True,False,1.0516761073109393e-17,-3.7947076036992655e-19,Keine ausreichend passende gespeicherte Textstelle gefunden.,
words,4096,s03,semantic_no_overlap,Welche Berufsgruppe steuert Wasserfahrzeuge?,p03,,f16,False,False,True,False,1.3823577699190182e-17,-1.3010426069826053e-18,Keine ausreichend passende gespeicherte Textstelle gefunden.,
words,4096,s04,semantic_no_overlap,Womit hält man sich an frostigen Tagen warm?,p04,,f23,False,False,True,False,1.214306433183765e-17,-2.791820594150174e-18,Keine ausreichend passende gespeicherte Textstelle gefunden.,
words,4096,s05,semantic_no_overlap,Was hilft dem Organismus beim nächtlichen Regenerieren?,p05,,p04,False,False,True,False,1.3335686721571705e-17,-4.7704895589362195e-18,Keine ausreichend passende gespeicherte Textstelle gefunden.,
words,4096,s06,semantic_no_overlap,Was tankt ein benzinbetriebenes Auto?,p06,,f18,False,False,True,False,7.399679827213568e-18,-6.613633252161577e-18,Keine ausreichend passende gespeicherte Textstelle gefunden.,
words,4096,s07,semantic_no_overlap,Welche Künstler erschaffen Gemälde?,p07,,p01,False,False,True,False,1.1275702593849246e-17,-5.421010862427522e-19,Keine ausreichend passende gespeicherte Textstelle gefunden.,
words,4096,s08,semantic_no_overlap,Wer löscht lodernde Flammen?,p08,,f21,False,False,True,False,9.107298248878237e-18,-5.583641188300348e-18,Keine ausreichend passende gespeicherte Textstelle gefunden.,
words,16384,q01,known,Wie heißt die Hauptstadt Frankreichs?,f01,f01,f01,True,True,False,False,0.6666666666666669,0.6666666666666669,Die Hauptstadt Frankreichs ist Paris.,
words,16384,q02,known,Welche Hauptstadt hat Japan?,f02,f01,f01,False,False,False,False,0.408248290463863,0.35355339059327373,Die Hauptstadt Frankreichs ist Paris.,
words,16384,q03,known,Welche Stadt ist Italiens Hauptstadt?,f03,f03,f03,True,True,False,False,0.6666666666666667,0.6666666666666667,Die Hauptstadt Italiens ist Rom.,
words,16384,q04,known,Bei welcher Temperatur gefriert reines Wasser bei Normaldruck?,f04,f04,f04,True,True,False,False,0.6761234037828132,0.6761234037828132,Reines Wasser gefriert bei Normaldruck bei null Grad Celsius.,
words,16384,q05,known,Bei wie viel Grad siedet Wasser unter Normaldruck?,f05,f05,f05,True,True,False,False,0.6761234037828132,0.6761234037828132,Reines Wasser siedet bei Normaldruck bei hundert Grad Celsius.,
words,16384,q06,known,Wie lange benötigt die Erde für einen Umlauf um die Sonne?,f06,f06,f06,True,True,False,False,0.6761234037828132,0.6761234037828132,Die Erde benötigt für einen Umlauf um die Sonne ungefähr 365 Tage.,
words,16384,q07,known,Wie viele Tage dauert ein Umlauf des Mondes relativ zu Sternen?,f07,f07,f07,True,True,False,False,0.7559289460184544,0.7559289460184544,"Ein Umlauf des Mondes relativ zu den Sternen dauert ungefähr 27,3 Tage.",
words,16384,q08,known,Was geschieht bei der Photosynthese von Pflanzen?,f08,f08,f08,True,True,False,False,0.4714045207910318,0.4714045207910318,Bei der Photosynthese wandeln Pflanzen Lichtenergie in chemische Energie um.,
words,16384,q09,known,Welche Funktion erfüllen Mitochondrien in Zellen?,f09,f09,f09,True,True,False,False,0.35355339059327373,0.35355339059327373,Mitochondrien stellen in vielen Zellen einen großen Teil des ATP bereit.,
words,16384,q10,known,Welche Rolle spielen Bienen für die Bestäubung?,f10,f10,f10,True,True,False,False,0.4472135954999579,0.4472135954999579,Bienen unterstützen die Bestäubung zahlreicher Blütenpflanzen.,
words,16384,q11,known,Wie viele Arme besitzt ein Oktopus?,f11,f11,f11,True,True,False,False,0.75,0.75,Ein Oktopus besitzt acht Arme.,
words,16384,q12,known,Wie viele Beine besitzen Spinnen?,f12,f12,f12,True,True,False,False,0.75,0.75,Spinnen besitzen acht Beine.,
words,16384,q13,known,Sind Wale Säugetiere?,f13,f13,f13,True,True,False,False,0.3162277660168379,0.3162277660168379,Wale gehören zu den Säugetieren und atmen Luft.,
words,16384,q14,known,Leitet Kupfer elektrischen Strom?,f14,f14,f14,True,True,False,False,0.8164965809277261,0.8164965809277261,Kupfer leitet elektrischen Strom sehr gut.,
words,16384,q15,known,Warum kann Fensterglas unter Belastung brechen?,f15,f15,f15,True,True,False,False,0.7745966692414835,0.7745966692414835,Gewöhnliches Fensterglas ist spröde und kann unter Belastung brechen.,
words,16384,q16,known,In welche Anteile zerlegt eine Fourierreihe periodische Funktionen?,f16,f16,f16,True,True,False,False,0.5477225575051663,0.5477225575051663,Eine Fourierreihe zerlegt eine periodische Funktion in Sinus- und Kosinusanteile.,
words,16384,q17,known,Wie entsteht Interferenz zwischen Wellen?,f17,f17,f17,True,True,False,False,0.6708203932499368,0.6708203932499368,Interferenz entsteht durch die Überlagerung mehrerer Wellen.,
words,16384,q18,known,Wie berechnet man die Wellenlänge aus Frequenz und Geschwindigkeit?,f18,f18,f18,True,True,False,False,0.447213595499958,0.447213595499958,Die Wellenlänge ergibt sich aus der Ausbreitungsgeschwindigkeit geteilt durch die Frequenz.,
words,16384,q19,known,Was berechnet der FFT-Algorithmus?,f19,f19,f19,True,True,False,False,0.4714045207910318,0.4714045207910318,Die FFT ist ein schneller Algorithmus zur Berechnung der diskreten Fouriertransformation.,
words,16384,q20,known,Wie kodiert UTF-8 Unicode-Zeichen?,f20,f20,f20,True,True,False,False,0.7905694150420948,0.7905694150420948,UTF-8 kodiert Unicode-Zeichen als Folgen von einem bis vier Bytes.,
words,16384,q21,known,Sind Python-Listen veränderbar und geordnet?,f21,f21,f21,True,True,False,False,0.4082482904638631,0.4082482904638631,Python-Listen sind geordnete veränderbare Folgen von Objekten.,
words,16384,q22,known,Was bedeutet aufsteigende Sortierung bei Zahlen?,f22,f22,f22,True,True,False,False,0.6123724356957947,0.6123724356957947,Aufsteigende Sortierung ordnet Zahlen von klein nach groß.,
words,16384,q23,known,Wie hilft eine kryptografische Prüfsumme bei Veränderungen der Daten?,f23,f23,f23,True,True,False,False,0.6761234037828132,0.6761234037828132,Eine kryptografische Prüfsumme kann Veränderungen gespeicherter Daten erkennbar machen.,
words,16384,q24,known,Was speichert ein Kondensator?,f24,f24,f24,True,True,False,False,0.5345224838248487,0.5345224838248487,Ein Kondensator speichert elektrische Ladung und Energie im elektrischen Feld.,
words,16384,q25,known,Welche Einheit hat der elektrische Widerstand?,f25,f25,f25,True,True,False,False,0.5773502691896258,0.5773502691896258,Der elektrische Widerstand wird in Ohm gemessen.,
words,16384,q26,known,In welcher Einheit misst man elektrische Stromstärke?,f26,f26,f26,True,True,False,False,0.5,0.5,Die elektrische Stromstärke wird in Ampere gemessen.,
words,16384,q27,known,Welche Einheit verwendet man für elektrische Spannung?,f27,f27,f27,True,True,False,False,0.5,0.5,Die elektrische Spannung wird in Volt gemessen.,
words,16384,q28,known,Was schwingt im Inneren einer Flöte?,f28,f28,f28,True,True,False,False,0.5163977794943222,0.5163977794943222,Bei einer Flöte schwingt hauptsächlich die Luftsäule im Instrument.,
words,16384,q29,known,Wie erzeugen gestrichene Saiten einer Geige Schall?,f29,f29,f29,True,True,False,False,0.5477225575051663,0.5477225575051663,Bei einer Geige regen gestrichene Saiten den schallabstrahlenden Korpus an.,
words,16384,q30,known,Welche Größe misst man in Kilogramm?,f30,f30,f30,True,True,False,False,0.288675134594813,0.288675134594813,Das Kilogramm ist die SI-Einheit der Masse.,
words,16384,q31,known,Welche Größe wird in Meter angegeben?,f31,f31,f31,True,True,False,False,0.2886751345948129,0.2886751345948129,Der Meter ist die SI-Einheit der Länge.,
words,16384,q32,known,Welche Größe hat die SI-Einheit Sekunde?,f32,f32,f32,True,True,False,False,0.75,0.75,Die Sekunde ist die SI-Einheit der Zeit.,
words,16384,n01,null,Wer gewann gestern die Wahl in Atlantis?,,,f08,True,False,True,False,3.1577388273640317e-18,,Keine ausreichend passende gespeicherte Textstelle gefunden.,
words,16384,n02,null,Was ist mein persönliches Bankpasswort?,,,f09,True,False,True,False,4.54009659728305e-18,,Keine ausreichend passende gespeicherte Textstelle gefunden.,
words,16384,n03,null,Nenne das geheime Rezept der Firma Wolkentrank.,,,p01,True,False,True,False,7.806255641895632e-18,,Keine ausreichend passende gespeicherte Textstelle gefunden.,
words,16384,n04,null,Wie heißt die Hauptstadt Brasiliens?,,f02,f02,False,False,False,False,0.5773502691896258,,Die Hauptstadt Japans heißt Tokio.,
words,16384,n05,null,Welche Spannung benötigt das Gerät ZXQ-987?,,f27,f27,False,False,False,False,0.22360679774997896,,Die elektrische Spannung wird in Volt gemessen.,
words,16384,n06,null,Welcher Oktopus lebt in meinem Aquarium?,,f11,f11,False,False,False,False,0.25,,Ein Oktopus besitzt acht Arme.,
words,16384,n07,null,Wie viel kostet morgen ein Kilogramm Gold?,,f30,f30,False,False,False,False,0.223606797749979,,Das Kilogramm ist die SI-Einheit der Masse.,
words,16384,n08,null,,,,f01,True,False,True,True,0.0,,,Prompt must contain text
words,16384,n09,null,zxqv jjjzz 983742095,,,f20,True,False,True,False,4.797594613248357e-18,,Keine ausreichend passende gespeicherte Textstelle gefunden.,
words,16384,n10,null,Erfinde ein bislang unbekanntes mathematisches Theorem mit Beweis.,,,p07,True,False,True,False,4.228388472693467e-18,,Keine ausreichend passende gespeicherte Textstelle gefunden.,
words,16384,s01,semantic_no_overlap,Welches Haustier sollte täglich spazieren gehen?,p01,,p04,False,False,True,False,5.204170427930421e-18,-1.2536087619363645e-18,Keine ausreichend passende gespeicherte Textstelle gefunden.,
words,16384,s02,semantic_no_overlap,Wer diagnostiziert Leiden bei Patienten?,p02,,f28,False,False,True,False,4.269046054161674e-18,-5.963111948670274e-19,Keine ausreichend passende gespeicherte Textstelle gefunden.,
words,16384,s03,semantic_no_overlap,Welche Berufsgruppe steuert Wasserfahrzeuge?,p03,,f21,False,False,True,False,4.553649124439119e-18,9.622294280808852e-19,Keine ausreichend passende gespeicherte Textstelle gefunden.,
words,16384,s04,semantic_no_overlap,Womit hält man sich an frostigen Tagen warm?,p04,,p08,False,False,True,False,5.2583805365546965e-18,2.15485181781494e-18,Keine ausreichend passende gespeicherte Textstelle gefunden.,
words,16384,s05,semantic_no_overlap,Was hilft dem Organismus beim nächtlichen Regenerieren?,p05,,f02,False,False,True,False,2.8053731213062427e-18,1.2739375526704677e-18,Keine ausreichend passende gespeicherte Textstelle gefunden.,
words,16384,s06,semantic_no_overlap,Was tankt ein benzinbetriebenes Auto?,p06,,f12,False,False,True,False,4.4994390158148434e-18,-8.809142651444724e-19,Keine ausreichend passende gespeicherte Textstelle gefunden.,
words,16384,s07,semantic_no_overlap,Welche Künstler erschaffen Gemälde?,p07,,f06,False,False,True,False,4.7704895589362195e-18,-1.5178830414797062e-18,Keine ausreichend passende gespeicherte Textstelle gefunden.,
words,16384,s08,semantic_no_overlap,Wer löscht lodernde Flammen?,p08,,f01,False,False,True,False,2.2497195079074217e-18,1.5212711732687234e-18,Keine ausreichend passende gespeicherte Textstelle gefunden.,
hybrid,256,q01,known,Wie heißt die Hauptstadt Frankreichs?,f01,f01,f01,True,True,False,False,0.6955838998998464,0.6955838998998464,Die Hauptstadt Frankreichs ist Paris.,
hybrid,256,q02,known,Welche Hauptstadt hat Japan?,f02,f03,f03,False,False,False,False,0.4673457875758338,0.4541312306841793,Die Hauptstadt Italiens ist Rom.,
hybrid,256,q03,known,Welche Stadt ist Italiens Hauptstadt?,f03,f03,f03,True,True,False,False,0.7213381356555009,0.7213381356555009,Die Hauptstadt Italiens ist Rom.,
hybrid,256,q04,known,Bei welcher Temperatur gefriert reines Wasser bei Normaldruck?,f04,f04,f04,True,True,False,False,0.6938612753681833,0.6938612753681833,Reines Wasser gefriert bei Normaldruck bei null Grad Celsius.,
hybrid,256,q05,known,Bei wie viel Grad siedet Wasser unter Normaldruck?,f05,f05,f05,True,True,False,False,0.6688801100694685,0.6688801100694685,Reines Wasser siedet bei Normaldruck bei hundert Grad Celsius.,
hybrid,256,q06,known,Wie lange benötigt die Erde für einen Umlauf um die Sonne?,f06,f06,f06,True,True,False,False,0.6770833917494594,0.6770833917494594,Die Erde benötigt für einen Umlauf um die Sonne ungefähr 365 Tage.,
hybrid,256,q07,known,Wie viele Tage dauert ein Umlauf des Mondes relativ zu Sternen?,f07,f07,f07,True,True,False,False,0.8081185920874827,0.8081185920874827,"Ein Umlauf des Mondes relativ zu den Sternen dauert ungefähr 27,3 Tage.",
hybrid,256,q08,known,Was geschieht bei der Photosynthese von Pflanzen?,f08,f08,f08,True,True,False,False,0.5034255537436965,0.5034255537436965,Bei der Photosynthese wandeln Pflanzen Lichtenergie in chemische Energie um.,
hybrid,256,q09,known,Welche Funktion erfüllen Mitochondrien in Zellen?,f09,f09,f09,True,True,False,False,0.5416246792980196,0.5416246792980196,Mitochondrien stellen in vielen Zellen einen großen Teil des ATP bereit.,
hybrid,256,q10,known,Welche Rolle spielen Bienen für die Bestäubung?,f10,f10,f10,True,True,False,False,0.4278511163154486,0.4278511163154486,Bienen unterstützen die Bestäubung zahlreicher Blütenpflanzen.,
hybrid,256,q11,known,Wie viele Arme besitzt ein Oktopus?,f11,f11,f11,True,True,False,False,0.7637793900456348,0.7637793900456348,Ein Oktopus besitzt acht Arme.,
hybrid,256,q12,known,Wie viele Beine besitzen Spinnen?,f12,f12,f12,True,True,False,False,0.7641881272016493,0.7641881272016493,Spinnen besitzen acht Beine.,
hybrid,256,q13,known,Sind Wale Säugetiere?,f13,f13,f13,True,True,False,False,0.36519056188140864,0.36519056188140864,Wale gehören zu den Säugetieren und atmen Luft.,
hybrid,256,q14,known,Leitet Kupfer elektrischen Strom?,f14,f14,f14,True,True,False,False,0.8468548113212042,0.8468548113212042,Kupfer leitet elektrischen Strom sehr gut.,
hybrid,256,q15,known,Warum kann Fensterglas unter Belastung brechen?,f15,f15,f15,True,True,False,False,0.7726887144602553,0.7726887144602553,Gewöhnliches Fensterglas ist spröde und kann unter Belastung brechen.,
hybrid,256,q16,known,In welche Anteile zerlegt eine Fourierreihe periodische Funktionen?,f16,f16,f16,True,True,False,False,0.6158899928997772,0.6158899928997772,Eine Fourierreihe zerlegt eine periodische Funktion in Sinus- und Kosinusanteile.,
hybrid,256,q17,known,Wie entsteht Interferenz zwischen Wellen?,f17,f17,f17,True,True,False,False,0.5977109465754842,0.5977109465754842,Interferenz entsteht durch die Überlagerung mehrerer Wellen.,
hybrid,256,q18,known,Wie berechnet man die Wellenlänge aus Frequenz und Geschwindigkeit?,f18,f18,f18,True,True,False,False,0.5040671642129814,0.5040671642129814,Die Wellenlänge ergibt sich aus der Ausbreitungsgeschwindigkeit geteilt durch die Frequenz.,
hybrid,256,q19,known,Was berechnet der FFT-Algorithmus?,f19,f19,f19,True,True,False,False,0.4772788344111051,0.4772788344111051,Die FFT ist ein schneller Algorithmus zur Berechnung der diskreten Fouriertransformation.,
hybrid,256,q20,known,Wie kodiert UTF-8 Unicode-Zeichen?,f20,f20,f20,True,True,False,False,0.7982033515880207,0.7982033515880207,UTF-8 kodiert Unicode-Zeichen als Folgen von einem bis vier Bytes.,
hybrid,256,q21,known,Sind Python-Listen veränderbar und geordnet?,f21,f21,f21,True,True,False,False,0.4776000705658686,0.4776000705658686,Python-Listen sind geordnete veränderbare Folgen von Objekten.,
hybrid,256,q22,known,Was bedeutet aufsteigende Sortierung bei Zahlen?,f22,f22,f22,True,True,False,False,0.6468200301262819,0.6468200301262819,Aufsteigende Sortierung ordnet Zahlen von klein nach groß.,
hybrid,256,q23,known,Wie hilft eine kryptografische Prüfsumme bei Veränderungen der Daten?,f23,f23,f23,True,True,False,False,0.7108417601012633,0.7108417601012633,Eine kryptografische Prüfsumme kann Veränderungen gespeicherter Daten erkennbar machen.,
hybrid,256,q24,known,Was speichert ein Kondensator?,f24,f24,f24,True,True,False,False,0.531109374092952,0.531109374092952,Ein Kondensator speichert elektrische Ladung und Energie im elektrischen Feld.,
hybrid,256,q25,known,Welche Einheit hat der elektrische Widerstand?,f25,f25,f25,True,True,False,False,0.628035127670574,0.628035127670574,Der elektrische Widerstand wird in Ohm gemessen.,
hybrid,256,q26,known,In welcher Einheit misst man elektrische Stromstärke?,f26,f26,f26,True,True,False,False,0.5479646390095021,0.5479646390095021,Die elektrische Stromstärke wird in Ampere gemessen.,
hybrid,256,q27,known,Welche Einheit verwendet man für elektrische Spannung?,f27,f27,f27,True,True,False,False,0.5220871013536381,0.5220871013536381,Die elektrische Spannung wird in Volt gemessen.,
hybrid,256,q28,known,Was schwingt im Inneren einer Flöte?,f28,f28,f28,True,True,False,False,0.48223128824720707,0.48223128824720707,Bei einer Flöte schwingt hauptsächlich die Luftsäule im Instrument.,
hybrid,256,q29,known,Wie erzeugen gestrichene Saiten einer Geige Schall?,f29,f29,f29,True,True,False,False,0.6506214840953239,0.6506214840953239,Bei einer Geige regen gestrichene Saiten den schallabstrahlenden Korpus an.,
hybrid,256,q30,known,Welche Größe misst man in Kilogramm?,f30,f30,f30,True,True,False,False,0.34338615567674774,0.34338615567674774,Das Kilogramm ist die SI-Einheit der Masse.,
hybrid,256,q31,known,Welche Größe wird in Meter angegeben?,f31,f31,f31,True,True,False,False,0.29889160640327317,0.29889160640327317,Der Meter ist die SI-Einheit der Länge.,
hybrid,256,q32,known,Welche Größe hat die SI-Einheit Sekunde?,f32,f32,f32,True,True,False,False,0.7560963243573287,0.7560963243573287,Die Sekunde ist die SI-Einheit der Zeit.,
hybrid,256,n01,null,Wer gewann gestern die Wahl in Atlantis?,,,f24,True,False,True,False,0.21844087090480854,,Keine ausreichend passende gespeicherte Textstelle gefunden.,
hybrid,256,n02,null,Was ist mein persönliches Bankpasswort?,,,p03,True,False,True,False,0.2785943131794799,,Keine ausreichend passende gespeicherte Textstelle gefunden.,
hybrid,256,n03,null,Nenne das geheime Rezept der Firma Wolkentrank.,,,p01,True,False,True,False,0.20046756064706733,,Keine ausreichend passende gespeicherte Textstelle gefunden.,
hybrid,256,n04,null,Wie heißt die Hauptstadt Brasiliens?,,f02,f02,False,False,False,False,0.5857204421955056,,Die Hauptstadt Japans heißt Tokio.,
hybrid,256,n05,null,Welche Spannung benötigt das Gerät ZXQ-987?,,f27,f27,False,False,False,False,0.21321772672851308,,Die elektrische Spannung wird in Volt gemessen.,
hybrid,256,n06,null,Welcher Oktopus lebt in meinem Aquarium?,,f11,f11,False,False,False,False,0.26144006021890964,,Ein Oktopus besitzt acht Arme.,
hybrid,256,n07,null,Wie viel kostet morgen ein Kilogramm Gold?,,f30,f30,False,False,False,False,0.24732944141436336,,Das Kilogramm ist die SI-Einheit der Masse.,
hybrid,256,n08,null,,,,f01,True,False,True,True,0.0,,,Prompt must contain text
hybrid,256,n09,null,zxqv jjjzz 983742095,,,f03,True,False,True,False,0.2563479589514878,,Keine ausreichend passende gespeicherte Textstelle gefunden.,
hybrid,256,n10,null,Erfinde ein bislang unbekanntes mathematisches Theorem mit Beweis.,,,f06,True,False,True,False,0.2782400407453198,,Keine ausreichend passende gespeicherte Textstelle gefunden.,
hybrid,256,s01,semantic_no_overlap,Welches Haustier sollte täglich spazieren gehen?,p01,,f20,False,False,True,False,0.254778710324409,0.03478520651371582,Keine ausreichend passende gespeicherte Textstelle gefunden.,
hybrid,256,s02,semantic_no_overlap,Wer diagnostiziert Leiden bei Patienten?,p02,,f18,False,False,True,False,0.22451130129704283,0.011788978320306079,Keine ausreichend passende gespeicherte Textstelle gefunden.,
hybrid,256,s03,semantic_no_overlap,Welche Berufsgruppe steuert Wasserfahrzeuge?,p03,,f11,False,False,True,False,0.26510733790609337,-0.03599661647706925,Keine ausreichend passende gespeicherte Textstelle gefunden.,
hybrid,256,s04,semantic_no_overlap,Womit hält man sich an frostigen Tagen warm?,p04,,f26,False,False,True,False,0.36843377371482355,-0.02129834424150441,Keine ausreichend passende gespeicherte Textstelle gefunden.,
hybrid,256,s05,semantic_no_overlap,Was hilft dem Organismus beim nächtlichen Regenerieren?,p05,,f13,False,False,True,False,0.2314258794714284,-0.11725316134722921,Keine ausreichend passende gespeicherte Textstelle gefunden.,
hybrid,256,s06,semantic_no_overlap,Was tankt ein benzinbetriebenes Auto?,p06,,f03,False,False,True,False,0.2302667615333449,2.0816681711721685e-17,Keine ausreichend passende gespeicherte Textstelle gefunden.,
hybrid,256,s07,semantic_no_overlap,Welche Künstler erschaffen Gemälde?,p07,,p08,False,False,True,False,0.266496470133047,0.036850788475932886,Keine ausreichend passende gespeicherte Textstelle gefunden.,
hybrid,256,s08,semantic_no_overlap,Wer löscht lodernde Flammen?,p08,,f29,False,False,True,False,0.3194915945875382,0.03304381607158934,Keine ausreichend passende gespeicherte Textstelle gefunden.,
hybrid,1024,q01,known,Wie heißt die Hauptstadt Frankreichs?,f01,f01,f01,True,True,False,False,0.6927501673365037,0.6927501673365037,Die Hauptstadt Frankreichs ist Paris.,
hybrid,1024,q02,known,Welche Hauptstadt hat Japan?,f02,f03,f03,False,False,False,False,0.44321171739446896,0.44255876174168013,Die Hauptstadt Italiens ist Rom.,
hybrid,1024,q03,known,Welche Stadt ist Italiens Hauptstadt?,f03,f03,f03,True,True,False,False,0.7198804669868453,0.7198804669868453,Die Hauptstadt Italiens ist Rom.,
hybrid,1024,q04,known,Bei welcher Temperatur gefriert reines Wasser bei Normaldruck?,f04,f04,f04,True,True,False,False,0.6908808573779159,0.6908808573779159,Reines Wasser gefriert bei Normaldruck bei null Grad Celsius.,
hybrid,1024,q05,known,Bei wie viel Grad siedet Wasser unter Normaldruck?,f05,f05,f05,True,True,False,False,0.6825927391482065,0.6825927391482065,Reines Wasser siedet bei Normaldruck bei hundert Grad Celsius.,
hybrid,1024,q06,known,Wie lange benötigt die Erde für einen Umlauf um die Sonne?,f06,f06,f06,True,True,False,False,0.692523856559307,0.692523856559307,Die Erde benötigt für einen Umlauf um die Sonne ungefähr 365 Tage.,
hybrid,1024,q07,known,Wie viele Tage dauert ein Umlauf des Mondes relativ zu Sternen?,f07,f07,f07,True,True,False,False,0.7760018469595396,0.7760018469595396,"Ein Umlauf des Mondes relativ zu den Sternen dauert ungefähr 27,3 Tage.",
hybrid,1024,q08,known,Was geschieht bei der Photosynthese von Pflanzen?,f08,f08,f08,True,True,False,False,0.4845308674665842,0.4845308674665842,Bei der Photosynthese wandeln Pflanzen Lichtenergie in chemische Energie um.,
hybrid,1024,q09,known,Welche Funktion erfüllen Mitochondrien in Zellen?,f09,f09,f09,True,True,False,False,0.4128031081927386,0.4128031081927386,Mitochondrien stellen in vielen Zellen einen großen Teil des ATP bereit.,
hybrid,1024,q10,known,Welche Rolle spielen Bienen für die Bestäubung?,f10,f10,f10,True,True,False,False,0.4379445219022181,0.4379445219022181,Bienen unterstützen die Bestäubung zahlreicher Blütenpflanzen.,
hybrid,1024,q11,known,Wie viele Arme besitzt ein Oktopus?,f11,f11,f11,True,True,False,False,0.763779390045635,0.763779390045635,Ein Oktopus besitzt acht Arme.,
hybrid,1024,q12,known,Wie viele Beine besitzen Spinnen?,f12,f12,f12,True,True,False,False,0.7678420864426805,0.7678420864426805,Spinnen besitzen acht Beine.,
hybrid,1024,q13,known,Sind Wale Säugetiere?,f13,f13,f13,True,True,False,False,0.3848080195862753,0.3848080195862753,Wale gehören zu den Säugetieren und atmen Luft.,
hybrid,1024,q14,known,Leitet Kupfer elektrischen Strom?,f14,f14,f14,True,True,False,False,0.8392786610208787,0.8392786610208787,Kupfer leitet elektrischen Strom sehr gut.,
hybrid,1024,q15,known,Warum kann Fensterglas unter Belastung brechen?,f15,f15,f15,True,True,False,False,0.7717412297581757,0.7717412297581757,Gewöhnliches Fensterglas ist spröde und kann unter Belastung brechen.,
hybrid,1024,q16,known,In welche Anteile zerlegt eine Fourierreihe periodische Funktionen?,f16,f16,f16,True,True,False,False,0.6163673794171577,0.6163673794171577,Eine Fourierreihe zerlegt eine periodische Funktion in Sinus- und Kosinusanteile.,
hybrid,1024,q17,known,Wie entsteht Interferenz zwischen Wellen?,f17,f17,f17,True,True,False,False,0.6663666146765925,0.6663666146765925,Interferenz entsteht durch die Überlagerung mehrerer Wellen.,
hybrid,1024,q18,known,Wie berechnet man die Wellenlänge aus Frequenz und Geschwindigkeit?,f18,f18,f18,True,True,False,False,0.5061081947133723,0.5061081947133723,Die Wellenlänge ergibt sich aus der Ausbreitungsgeschwindigkeit geteilt durch die Frequenz.,
hybrid,1024,q19,known,Was berechnet der FFT-Algorithmus?,f19,f19,f19,True,True,False,False,0.4852583373487528,0.4852583373487528,Die FFT ist ein schneller Algorithmus zur Berechnung der diskreten Fouriertransformation.,
hybrid,1024,q20,known,Wie kodiert UTF-8 Unicode-Zeichen?,f20,f20,f20,True,True,False,False,0.7974547065567283,0.7974547065567283,UTF-8 kodiert Unicode-Zeichen als Folgen von einem bis vier Bytes.,
hybrid,1024,q21,known,Sind Python-Listen veränderbar und geordnet?,f21,f21,f21,True,True,False,False,0.49904600124016585,0.49904600124016585,Python-Listen sind geordnete veränderbare Folgen von Objekten.,
hybrid,1024,q22,known,Was bedeutet aufsteigende Sortierung bei Zahlen?,f22,f22,f22,True,True,False,False,0.6463632709998374,0.6463632709998374,Aufsteigende Sortierung ordnet Zahlen von klein nach groß.,
hybrid,1024,q23,known,Wie hilft eine kryptografische Prüfsumme bei Veränderungen der Daten?,f23,f23,f23,True,True,False,False,0.685794720898574,0.685794720898574,Eine kryptografische Prüfsumme kann Veränderungen gespeicherter Daten erkennbar machen.,
hybrid,1024,q24,known,Was speichert ein Kondensator?,f24,f24,f24,True,True,False,False,0.5315890086789401,0.5315890086789401,Ein Kondensator speichert elektrische Ladung und Energie im elektrischen Feld.,
hybrid,1024,q25,known,Welche Einheit hat der elektrische Widerstand?,f25,f25,f25,True,True,False,False,0.6118219948218078,0.6118219948218078,Der elektrische Widerstand wird in Ohm gemessen.,
hybrid,1024,q26,known,In welcher Einheit misst man elektrische Stromstärke?,f26,f26,f26,True,True,False,False,0.5373981137233106,0.5373981137233106,Die elektrische Stromstärke wird in Ampere gemessen.,
hybrid,1024,q27,known,Welche Einheit verwendet man für elektrische Spannung?,f27,f27,f27,True,True,False,False,0.5185185185185185,0.5185185185185185,Die elektrische Spannung wird in Volt gemessen.,
hybrid,1024,q28,known,Was schwingt im Inneren einer Flöte?,f28,f28,f28,True,True,False,False,0.4934838254645011,0.4934838254645011,Bei einer Flöte schwingt hauptsächlich die Luftsäule im Instrument.,
hybrid,1024,q29,known,Wie erzeugen gestrichene Saiten einer Geige Schall?,f29,f29,f29,True,True,False,False,0.5775222077198244,0.5775222077198244,Bei einer Geige regen gestrichene Saiten den schallabstrahlenden Korpus an.,
hybrid,1024,q30,known,Welche Größe misst man in Kilogramm?,f30,f30,f30,True,True,False,False,0.3367739098067007,0.3367739098067007,Das Kilogramm ist die SI-Einheit der Masse.,
hybrid,1024,q31,known,Welche Größe wird in Meter angegeben?,f31,f31,f31,True,True,False,False,0.28699183525043476,0.28699183525043476,Der Meter ist die SI-Einheit der Länge.,
hybrid,1024,q32,known,Welche Größe hat die SI-Einheit Sekunde?,f32,f32,f32,True,True,False,False,0.7590340494679222,0.7590340494679222,Die Sekunde ist die SI-Einheit der Zeit.,
hybrid,1024,n01,null,Wer gewann gestern die Wahl in Atlantis?,,,p07,True,False,True,False,0.034964817071167345,,Keine ausreichend passende gespeicherte Textstelle gefunden.,
hybrid,1024,n02,null,Was ist mein persönliches Bankpasswort?,,,f15,True,False,True,False,0.05312729270729846,,Keine ausreichend passende gespeicherte Textstelle gefunden.,
hybrid,1024,n03,null,Nenne das geheime Rezept der Firma Wolkentrank.,,,f24,True,False,True,False,0.027913966031670782,,Keine ausreichend passende gespeicherte Textstelle gefunden.,
hybrid,1024,n04,null,Wie heißt die Hauptstadt Brasiliens?,,f02,f02,False,False,False,False,0.5814450321747899,,Die Hauptstadt Japans heißt Tokio.,
hybrid,1024,n05,null,Welche Spannung benötigt das Gerät ZXQ-987?,,f27,f27,False,False,False,False,0.23717908729961582,,Die elektrische Spannung wird in Volt gemessen.,
hybrid,1024,n06,null,Welcher Oktopus lebt in meinem Aquarium?,,f11,f11,False,False,False,False,0.2642425766893651,,Ein Oktopus besitzt acht Arme.,
hybrid,1024,n07,null,Wie viel kostet morgen ein Kilogramm Gold?,,f30,f30,False,False,False,False,0.2545795468650981,,Das Kilogramm ist die SI-Einheit der Masse.,
hybrid,1024,n08,null,,,,f01,True,False,True,True,0.0,,,Prompt must contain text
hybrid,1024,n09,null,zxqv jjjzz 983742095,,,f16,True,False,True,False,0.1682593398545453,,Keine ausreichend passende gespeicherte Textstelle gefunden.,
hybrid,1024,n10,null,Erfinde ein bislang unbekanntes mathematisches Theorem mit Beweis.,,,p05,True,False,True,False,0.16282824216251432,,Keine ausreichend passende gespeicherte Textstelle gefunden.,
hybrid,1024,s01,semantic_no_overlap,Welches Haustier sollte täglich spazieren gehen?,p01,,f20,False,False,True,False,0.15814490712204018,0.01397216271891448,Keine ausreichend passende gespeicherte Textstelle gefunden.,
hybrid,1024,s02,semantic_no_overlap,Wer diagnostiziert Leiden bei Patienten?,p02,,f13,False,False,True,False,0.2211503827790699,0.03245377029176032,Keine ausreichend passende gespeicherte Textstelle gefunden.,
hybrid,1024,s03,semantic_no_overlap,Welche Berufsgruppe steuert Wasserfahrzeuge?,p03,,f16,False,False,True,False,0.19194877346861441,0.004842742776412871,Keine ausreichend passende gespeicherte Textstelle gefunden.,
hybrid,1024,s04,semantic_no_overlap,Womit hält man sich an frostigen Tagen warm?,p04,,p01,False,False,True,False,0.0432875822026174,0.010277681687153973,Keine ausreichend passende gespeicherte Textstelle gefunden.,
hybrid,1024,s05,semantic_no_overlap,Was hilft dem Organismus beim nächtlichen Regenerieren?,p05,,f29,False,False,True,False,0.1763644208359157,0.03965757682650295,Keine ausreichend passende gespeicherte Textstelle gefunden.,
hybrid,1024,s06,semantic_no_overlap,Was tankt ein benzinbetriebenes Auto?,p06,,f06,False,False,True,False,0.021309828118708726,-0.018593119977923588,Keine ausreichend passende gespeicherte Textstelle gefunden.,
hybrid,1024,s07,semantic_no_overlap,Welche Künstler erschaffen Gemälde?,p07,,f25,False,False,True,False,0.033892841149279485,0.031704856027998704,Keine ausreichend passende gespeicherte Textstelle gefunden.,
hybrid,1024,s08,semantic_no_overlap,Wer löscht lodernde Flammen?,p08,,f29,False,False,True,False,0.21408988999890835,0.03358302471297338,Keine ausreichend passende gespeicherte Textstelle gefunden.,
hybrid,4096,q01,known,Wie heißt die Hauptstadt Frankreichs?,f01,f01,f01,True,True,False,False,0.6991455464876315,0.6991455464876315,Die Hauptstadt Frankreichs ist Paris.,
hybrid,4096,q02,known,Welche Hauptstadt hat Japan?,f02,f03,f03,False,False,False,False,0.44992775685673786,0.43888485018803114,Die Hauptstadt Italiens ist Rom.,
hybrid,4096,q03,known,Welche Stadt ist Italiens Hauptstadt?,f03,f03,f03,True,True,False,False,0.7220371507206393,0.7220371507206393,Die Hauptstadt Italiens ist Rom.,
hybrid,4096,q04,known,Bei welcher Temperatur gefriert reines Wasser bei Normaldruck?,f04,f04,f04,True,True,False,False,0.6863235730159474,0.6863235730159474,Reines Wasser gefriert bei Normaldruck bei null Grad Celsius.,
hybrid,4096,q05,known,Bei wie viel Grad siedet Wasser unter Normaldruck?,f05,f05,f05,True,True,False,False,0.6864925133691231,0.6864925133691231,Reines Wasser siedet bei Normaldruck bei hundert Grad Celsius.,
hybrid,4096,q06,known,Wie lange benötigt die Erde für einen Umlauf um die Sonne?,f06,f06,f06,True,True,False,False,0.692523856559307,0.692523856559307,Die Erde benötigt für einen Umlauf um die Sonne ungefähr 365 Tage.,
hybrid,4096,q07,known,Wie viele Tage dauert ein Umlauf des Mondes relativ zu Sternen?,f07,f07,f07,True,True,False,False,0.7736007255719402,0.7736007255719402,"Ein Umlauf des Mondes relativ zu den Sternen dauert ungefähr 27,3 Tage.",
hybrid,4096,q08,known,Was geschieht bei der Photosynthese von Pflanzen?,f08,f08,f08,True,True,False,False,0.477558118652544,0.477558118652544,Bei der Photosynthese wandeln Pflanzen Lichtenergie in chemische Energie um.,
hybrid,4096,q09,known,Welche Funktion erfüllen Mitochondrien in Zellen?,f09,f09,f09,True,True,False,False,0.4141462363364671,0.4141462363364671,Mitochondrien stellen in vielen Zellen einen großen Teil des ATP bereit.,
hybrid,4096,q10,known,Welche Rolle spielen Bienen für die Bestäubung?,f10,f10,f10,True,True,False,False,0.4458484845774571,0.4458484845774571,Bienen unterstützen die Bestäubung zahlreicher Blütenpflanzen.,
hybrid,4096,q11,known,Wie viele Arme besitzt ein Oktopus?,f11,f11,f11,True,True,False,False,0.7637793900456351,0.7637793900456351,Ein Oktopus besitzt acht Arme.,
hybrid,4096,q12,known,Wie viele Beine besitzen Spinnen?,f12,f12,f12,True,True,False,False,0.7697515948281334,0.7697515948281334,Spinnen besitzen acht Beine.,
hybrid,4096,q13,known,Sind Wale Säugetiere?,f13,f13,f13,True,True,False,False,0.3889077512903014,0.3889077512903014,Wale gehören zu den Säugetieren und atmen Luft.,
hybrid,4096,q14,known,Leitet Kupfer elektrischen Strom?,f14,f14,f14,True,True,False,False,0.8392437389390521,0.8392437389390521,Kupfer leitet elektrischen Strom sehr gut.,
hybrid,4096,q15,known,Warum kann Fensterglas unter Belastung brechen?,f15,f15,f15,True,True,False,False,0.7753849725858504,0.7753849725858504,Gewöhnliches Fensterglas ist spröde und kann unter Belastung brechen.,
hybrid,4096,q16,known,In welche Anteile zerlegt eine Fourierreihe periodische Funktionen?,f16,f16,f16,True,True,False,False,0.6082888076498132,0.6082888076498132,Eine Fourierreihe zerlegt eine periodische Funktion in Sinus- und Kosinusanteile.,
hybrid,4096,q17,known,Wie entsteht Interferenz zwischen Wellen?,f17,f17,f17,True,True,False,False,0.6699007265614507,0.6699007265614507,Interferenz entsteht durch die Überlagerung mehrerer Wellen.,
hybrid,4096,q18,known,Wie berechnet man die Wellenlänge aus Frequenz und Geschwindigkeit?,f18,f18,f18,True,True,False,False,0.5014796539236605,0.5014796539236605,Die Wellenlänge ergibt sich aus der Ausbreitungsgeschwindigkeit geteilt durch die Frequenz.,
hybrid,4096,q19,known,Was berechnet der FFT-Algorithmus?,f19,f19,f19,True,True,False,False,0.49120075426605736,0.49120075426605736,Die FFT ist ein schneller Algorithmus zur Berechnung der diskreten Fouriertransformation.,
hybrid,4096,q20,known,Wie kodiert UTF-8 Unicode-Zeichen?,f20,f20,f20,True,True,False,False,0.7942489620397446,0.7942489620397446,UTF-8 kodiert Unicode-Zeichen als Folgen von einem bis vier Bytes.,
hybrid,4096,q21,known,Sind Python-Listen veränderbar und geordnet?,f21,f21,f21,True,True,False,False,0.49927905516448123,0.49927905516448123,Python-Listen sind geordnete veränderbare Folgen von Objekten.,
hybrid,4096,q22,known,Was bedeutet aufsteigende Sortierung bei Zahlen?,f22,f22,f22,True,True,False,False,0.6400684863737293,0.6400684863737293,Aufsteigende Sortierung ordnet Zahlen von klein nach groß.,
hybrid,4096,q23,known,Wie hilft eine kryptografische Prüfsumme bei Veränderungen der Daten?,f23,f23,f23,True,True,False,False,0.6921268618280791,0.6921268618280791,Eine kryptografische Prüfsumme kann Veränderungen gespeicherter Daten erkennbar machen.,
hybrid,4096,q24,known,Was speichert ein Kondensator?,f24,f24,f24,True,True,False,False,0.5399057803549688,0.5399057803549688,Ein Kondensator speichert elektrische Ladung und Energie im elektrischen Feld.,
hybrid,4096,q25,known,Welche Einheit hat der elektrische Widerstand?,f25,f25,f25,True,True,False,False,0.6128219850205392,0.6128219850205392,Der elektrische Widerstand wird in Ohm gemessen.,
hybrid,4096,q26,known,In welcher Einheit misst man elektrische Stromstärke?,f26,f26,f26,True,True,False,False,0.5318737549751391,0.5318737549751391,Die elektrische Stromstärke wird in Ampere gemessen.,
hybrid,4096,q27,known,Welche Einheit verwendet man für elektrische Spannung?,f27,f27,f27,True,True,False,False,0.5209144194298592,0.5209144194298592,Die elektrische Spannung wird in Volt gemessen.,
hybrid,4096,q28,known,Was schwingt im Inneren einer Flöte?,f28,f28,f28,True,True,False,False,0.4950082013055517,0.4950082013055517,Bei einer Flöte schwingt hauptsächlich die Luftsäule im Instrument.,
hybrid,4096,q29,known,Wie erzeugen gestrichene Saiten einer Geige Schall?,f29,f29,f29,True,True,False,False,0.5765437068246035,0.5765437068246035,Bei einer Geige regen gestrichene Saiten den schallabstrahlenden Korpus an.,
hybrid,4096,q30,known,Welche Größe misst man in Kilogramm?,f30,f30,f30,True,True,False,False,0.34647516217361873,0.34647516217361873,Das Kilogramm ist die SI-Einheit der Masse.,
hybrid,4096,q31,known,Welche Größe wird in Meter angegeben?,f31,f31,f31,True,True,False,False,0.2869918352504348,0.2869918352504348,Der Meter ist die SI-Einheit der Länge.,
hybrid,4096,q32,known,Welche Größe hat die SI-Einheit Sekunde?,f32,f32,f32,True,True,False,False,0.7602371202737607,0.7602371202737607,Die Sekunde ist die SI-Einheit der Zeit.,
hybrid,4096,n01,null,Wer gewann gestern die Wahl in Atlantis?,,,f29,True,False,True,False,0.036187806588979896,,Keine ausreichend passende gespeicherte Textstelle gefunden.,
hybrid,4096,n02,null,Was ist mein persönliches Bankpasswort?,,,f15,True,False,True,False,0.04648367117774628,,Keine ausreichend passende gespeicherte Textstelle gefunden.,
hybrid,4096,n03,null,Nenne das geheime Rezept der Firma Wolkentrank.,,,f29,True,False,True,False,0.019452534316968983,,Keine ausreichend passende gespeicherte Textstelle gefunden.,
hybrid,4096,n04,null,Wie heißt die Hauptstadt Brasiliens?,,f02,f02,False,False,False,False,0.589586346297812,,Die Hauptstadt Japans heißt Tokio.,
hybrid,4096,n05,null,Welche Spannung benötigt das Gerät ZXQ-987?,,f27,f27,False,False,False,False,0.24584805601873222,,Die elektrische Spannung wird in Volt gemessen.,
hybrid,4096,n06,null,Welcher Oktopus lebt in meinem Aquarium?,,f11,f11,False,False,False,False,0.2616707629954913,,Ein Oktopus besitzt acht Arme.,
hybrid,4096,n07,null,Wie viel kostet morgen ein Kilogramm Gold?,,f30,f30,False,False,False,False,0.25457954686509815,,Das Kilogramm ist die SI-Einheit der Masse.,
hybrid,4096,n08,null,,,,f01,True,False,True,True,0.0,,,Prompt must contain text
hybrid,4096,n09,null,zxqv jjjzz 983742095,,,f07,True,False,True,False,0.014161029600925523,,Keine ausreichend passende gespeicherte Textstelle gefunden.,
hybrid,4096,n10,null,Erfinde ein bislang unbekanntes mathematisches Theorem mit Beweis.,,,p01,True,False,True,False,0.03305883110881154,,Keine ausreichend passende gespeicherte Textstelle gefunden.,
hybrid,4096,s01,semantic_no_overlap,Welches Haustier sollte täglich spazieren gehen?,p01,,f13,False,False,True,False,0.059922259370443834,0.006304320675931802,Keine ausreichend passende gespeicherte Textstelle gefunden.,
hybrid,4096,s02,semantic_no_overlap,Wer diagnostiziert Leiden bei Patienten?,p02,,f19,False,False,True,False,0.02948999539726147,0.01949312209972594,Keine ausreichend passende gespeicherte Textstelle gefunden.,
hybrid,4096,s03,semantic_no_overlap,Welche Berufsgruppe steuert Wasserfahrzeuge?,p03,,f16,False,False,True,False,0.18568411480129599,-2.6020852139652106e-18,Keine ausreichend passende gespeicherte Textstelle gefunden.,
hybrid,4096,s04,semantic_no_overlap,Womit hält man sich an frostigen Tagen warm?,p04,,p01,False,False,True,False,0.038243536103533704,0.005138840843576976,Keine ausreichend passende gespeicherte Textstelle gefunden.,
hybrid,4096,s05,semantic_no_overlap,Was hilft dem Organismus beim nächtlichen Regenerieren?,p05,,f13,False,False,True,False,0.04667700898543769,0.022039120698165014,Keine ausreichend passende gespeicherte Textstelle gefunden.,
hybrid,4096,s06,semantic_no_overlap,Was tankt ein benzinbetriebenes Auto?,p06,,f06,False,False,True,False,0.024263997574448717,-0.004102537782503094,Keine ausreichend passende gespeicherte Textstelle gefunden.,
hybrid,4096,s07,semantic_no_overlap,Welche Künstler erschaffen Gemälde?,p07,,p07,False,True,True,False,0.029108947790366893,0.029108947790366893,Keine ausreichend passende gespeicherte Textstelle gefunden.,
hybrid,4096,s08,semantic_no_overlap,Wer löscht lodernde Flammen?,p08,,p01,False,False,True,False,0.025740992282960444,0.016936453206642936,Keine ausreichend passende gespeicherte Textstelle gefunden.,
hybrid,16384,q01,known,Wie heißt die Hauptstadt Frankreichs?,f01,f01,f01,True,True,False,False,0.7000400120040016,0.7000400120040016,Die Hauptstadt Frankreichs ist Paris.,
hybrid,16384,q02,known,Welche Hauptstadt hat Japan?,f02,f03,f03,False,False,False,False,0.4499277568567378,0.43888485018803114,Die Hauptstadt Italiens ist Rom.,
hybrid,16384,q03,known,Welche Stadt ist Italiens Hauptstadt?,f03,f03,f03,True,True,False,False,0.722037150720639,0.722037150720639,Die Hauptstadt Italiens ist Rom.,
hybrid,16384,q04,known,Bei welcher Temperatur gefriert reines Wasser bei Normaldruck?,f04,f04,f04,True,True,False,False,0.6863235730159474,0.6863235730159474,Reines Wasser gefriert bei Normaldruck bei null Grad Celsius.,
hybrid,16384,q05,known,Bei wie viel Grad siedet Wasser unter Normaldruck?,f05,f05,f05,True,True,False,False,0.6845985206880705,0.6845985206880705,Reines Wasser siedet bei Normaldruck bei hundert Grad Celsius.,
hybrid,16384,q06,known,Wie lange benötigt die Erde für einen Umlauf um die Sonne?,f06,f06,f06,True,True,False,False,0.692523856559307,0.692523856559307,Die Erde benötigt für einen Umlauf um die Sonne ungefähr 365 Tage.,
hybrid,16384,q07,known,Wie viele Tage dauert ein Umlauf des Mondes relativ zu Sternen?,f07,f07,f07,True,True,False,False,0.7736007255719402,0.7736007255719402,"Ein Umlauf des Mondes relativ zu den Sternen dauert ungefähr 27,3 Tage.",
hybrid,16384,q08,known,Was geschieht bei der Photosynthese von Pflanzen?,f08,f08,f08,True,True,False,False,0.480485526187891,0.480485526187891,Bei der Photosynthese wandeln Pflanzen Lichtenergie in chemische Energie um.,
hybrid,16384,q09,known,Welche Funktion erfüllen Mitochondrien in Zellen?,f09,f09,f09,True,True,False,False,0.40983904119081166,0.40983904119081166,Mitochondrien stellen in vielen Zellen einen großen Teil des ATP bereit.,
hybrid,16384,q10,known,Welche Rolle spielen Bienen für die Bestäubung?,f10,f10,f10,True,True,False,False,0.44039042764432534,0.44039042764432534,Bienen unterstützen die Bestäubung zahlreicher Blütenpflanzen.,
hybrid,16384,q11,known,Wie viele Arme besitzt ein Oktopus?,f11,f11,f11,True,True,False,False,0.7637793900456351,0.7637793900456351,Ein Oktopus besitzt acht Arme.,
hybrid,16384,q12,known,Wie viele Beine besitzen Spinnen?,f12,f12,f12,True,True,False,False,0.7697515948281335,0.7697515948281335,Spinnen besitzen acht Beine.,
hybrid,16384,q13,known,Sind Wale Säugetiere?,f13,f13,f13,True,True,False,False,0.3889077512903014,0.3889077512903014,Wale gehören zu den Säugetieren und atmen Luft.,
hybrid,16384,q14,known,Leitet Kupfer elektrischen Strom?,f14,f14,f14,True,True,False,False,0.8385059441291174,0.8385059441291174,Kupfer leitet elektrischen Strom sehr gut.,
hybrid,16384,q15,known,Warum kann Fensterglas unter Belastung brechen?,f15,f15,f15,True,True,False,False,0.7768574837019244,0.7768574837019244,Gewöhnliches Fensterglas ist spröde und kann unter Belastung brechen.,
hybrid,16384,q16,known,In welche Anteile zerlegt eine Fourierreihe periodische Funktionen?,f16,f16,f16,True,True,False,False,0.6093386068328173,0.6093386068328173,Eine Fourierreihe zerlegt eine periodische Funktion in Sinus- und Kosinusanteile.,
hybrid,16384,q17,known,Wie entsteht Interferenz zwischen Wellen?,f17,f17,f17,True,True,False,False,0.6669321006643067,0.6669321006643067,Interferenz entsteht durch die Überlagerung mehrerer Wellen.,
hybrid,16384,q18,known,Wie berechnet man die Wellenlänge aus Frequenz und Geschwindigkeit?,f18,f18,f18,True,True,False,False,0.5027860884442106,0.5027860884442106,Die Wellenlänge ergibt sich aus der Ausbreitungsgeschwindigkeit geteilt durch die Frequenz.,
hybrid,16384,q19,known,Was berechnet der FFT-Algorithmus?,f19,f19,f19,True,True,False,False,0.4912007542660574,0.4912007542660574,Die FFT ist ein schneller Algorithmus zur Berechnung der diskreten Fouriertransformation.,
hybrid,16384,q20,known,Wie kodiert UTF-8 Unicode-Zeichen?,f20,f20,f20,True,True,False,False,0.7942489620397446,0.7942489620397446,UTF-8 kodiert Unicode-Zeichen als Folgen von einem bis vier Bytes.,
hybrid,16384,q21,known,Sind Python-Listen veränderbar und geordnet?,f21,f21,f21,True,True,False,False,0.5004131590285272,0.5004131590285272,Python-Listen sind geordnete veränderbare Folgen von Objekten.,
hybrid,16384,q22,known,Was bedeutet aufsteigende Sortierung bei Zahlen?,f22,f22,f22,True,True,False,False,0.6400684863737292,0.6400684863737292,Aufsteigende Sortierung ordnet Zahlen von klein nach groß.,
hybrid,16384,q23,known,Wie hilft eine kryptografische Prüfsumme bei Veränderungen der Daten?,f23,f23,f23,True,True,False,False,0.6918676376140553,0.6918676376140553,Eine kryptografische Prüfsumme kann Veränderungen gespeicherter Daten erkennbar machen.,
hybrid,16384,q24,known,Was speichert ein Kondensator?,f24,f24,f24,True,True,False,False,0.5399602698586738,0.5399602698586738,Ein Kondensator speichert elektrische Ladung und Energie im elektrischen Feld.,
hybrid,16384,q25,known,Welche Einheit hat der elektrische Widerstand?,f25,f25,f25,True,True,False,False,0.6103444274251966,0.6103444274251966,Der elektrische Widerstand wird in Ohm gemessen.,
hybrid,16384,q26,known,In welcher Einheit misst man elektrische Stromstärke?,f26,f26,f26,True,True,False,False,0.5356088443793092,0.5356088443793092,Die elektrische Stromstärke wird in Ampere gemessen.,
hybrid,16384,q27,known,Welche Einheit verwendet man für elektrische Spannung?,f27,f27,f27,True,True,False,False,0.5204643413629282,0.5204643413629282,Die elektrische Spannung wird in Volt gemessen.,
hybrid,16384,q28,known,Was schwingt im Inneren einer Flöte?,f28,f28,f28,True,True,False,False,0.4950082013055517,0.4950082013055517,Bei einer Flöte schwingt hauptsächlich die Luftsäule im Instrument.,
hybrid,16384,q29,known,Wie erzeugen gestrichene Saiten einer Geige Schall?,f29,f29,f29,True,True,False,False,0.5815480413629929,0.5815480413629929,Bei einer Geige regen gestrichene Saiten den schallabstrahlenden Korpus an.,
hybrid,16384,q30,known,Welche Größe misst man in Kilogramm?,f30,f30,f30,True,True,False,False,0.34334292330407,0.34334292330407,Das Kilogramm ist die SI-Einheit der Masse.,
hybrid,16384,q31,known,Welche Größe wird in Meter angegeben?,f31,f31,f31,True,True,False,False,0.2869918352504348,0.2869918352504348,Der Meter ist die SI-Einheit der Länge.,
hybrid,16384,q32,known,Welche Größe hat die SI-Einheit Sekunde?,f32,f32,f32,True,True,False,False,0.7602371202737607,0.7602371202737607,Die Sekunde ist die SI-Einheit der Zeit.,
hybrid,16384,n01,null,Wer gewann gestern die Wahl in Atlantis?,,,f15,True,False,True,False,0.030166034266367055,,Keine ausreichend passende gespeicherte Textstelle gefunden.,
hybrid,16384,n02,null,Was ist mein persönliches Bankpasswort?,,,f15,True,False,True,False,0.05049076224658458,,Keine ausreichend passende gespeicherte Textstelle gefunden.,
hybrid,16384,n03,null,Nenne das geheime Rezept der Firma Wolkentrank.,,,f29,True,False,True,False,0.01587635621631401,,Keine ausreichend passende gespeicherte Textstelle gefunden.,
hybrid,16384,n04,null,Wie heißt die Hauptstadt Brasiliens?,,f02,f02,False,False,False,False,0.5895863462978119,,Die Hauptstadt Japans heißt Tokio.,
hybrid,16384,n05,null,Welche Spannung benötigt das Gerät ZXQ-987?,,f27,f27,False,False,False,False,0.24742686112017298,,Die elektrische Spannung wird in Volt gemessen.,
hybrid,16384,n06,null,Welcher Oktopus lebt in meinem Aquarium?,,f11,f11,False,False,False,False,0.26167076299549125,,Ein Oktopus besitzt acht Arme.,
hybrid,16384,n07,null,Wie viel kostet morgen ein Kilogramm Gold?,,f30,f30,False,False,False,False,0.25778467778483494,,Das Kilogramm ist die SI-Einheit der Masse.,
hybrid,16384,n08,null,,,,f01,True,False,True,True,0.0,,,Prompt must contain text
hybrid,16384,n09,null,zxqv jjjzz 983742095,,,f02,True,False,True,False,0.006154574548966639,,Keine ausreichend passende gespeicherte Textstelle gefunden.,
hybrid,16384,n10,null,Erfinde ein bislang unbekanntes mathematisches Theorem mit Beweis.,,,p01,True,False,True,False,0.029799703406759425,,Keine ausreichend passende gespeicherte Textstelle gefunden.,
hybrid,16384,s01,semantic_no_overlap,Welches Haustier sollte täglich spazieren gehen?,p01,,f13,False,False,True,False,0.06169199342009208,0.006391008936210895,Keine ausreichend passende gespeicherte Textstelle gefunden.,
hybrid,16384,s02,semantic_no_overlap,Wer diagnostiziert Leiden bei Patienten?,p02,,f20,False,False,True,False,0.03334258912621027,0.01921945745004113,Keine ausreichend passende gespeicherte Textstelle gefunden.,
hybrid,16384,s03,semantic_no_overlap,Welche Berufsgruppe steuert Wasserfahrzeuge?,p03,,f05,False,False,True,False,0.036019332983854915,-2.3852447794681098e-18,Keine ausreichend passende gespeicherte Textstelle gefunden.,
hybrid,16384,s04,semantic_no_overlap,Womit hält man sich an frostigen Tagen warm?,p04,,p01,False,False,True,False,0.041949848786596376,0.013547441005012942,Keine ausreichend passende gespeicherte Textstelle gefunden.,
hybrid,16384,s05,semantic_no_overlap,Was hilft dem Organismus beim nächtlichen Regenerieren?,p05,,f29,False,False,True,False,0.04882680580175817,0.021668688926113556,Keine ausreichend passende gespeicherte Textstelle gefunden.,
hybrid,16384,s06,semantic_no_overlap,Was tankt ein benzinbetriebenes Auto?,p06,,f06,False,False,True,False,0.020002031950706975,-8.673617379884035e-19,Keine ausreichend passende gespeicherte Textstelle gefunden.,
hybrid,16384,s07,semantic_no_overlap,Welche Künstler erschaffen Gemälde?,p07,,p07,False,True,True,False,0.034221927811288105,0.034221927811288105,Keine ausreichend passende gespeicherte Textstelle gefunden.,
hybrid,16384,s08,semantic_no_overlap,Wer löscht lodernde Flammen?,p08,,f12,False,False,True,False,0.028522403937092815,0.016936453206642933,Keine ausreichend passende gespeicherte Textstelle gefunden.,
