feature_mode,dimensions,case_id,group,prompt,expected_id,selected_id,ranked_first_id,correct,ranked_correct,abstained,input_rejected,top_score,expected_score,answer,error
raw_bytes,256,q01,known,Wie heißt die Hauptstadt Frankreichs?,f01,f01,f01,True,True,False,False,0.677247388709302,0.677247388709302,Die Hauptstadt Frankreichs ist Paris.,
raw_bytes,256,q02,known,Welche Hauptstadt hat Japan?,f02,f12,f12,False,False,False,False,0.7944607627712887,0.4884552964421955,Spinnen besitzen acht Beine.,
raw_bytes,256,q03,known,Welche Stadt ist Italiens Hauptstadt?,f03,f12,f12,False,False,False,False,0.6391413877366053,0.46520252393125855,Spinnen besitzen acht Beine.,
raw_bytes,256,q04,known,Bei welcher Temperatur gefriert reines Wasser bei Normaldruck?,f04,f25,f25,False,False,False,False,0.6534041036891719,0.6332199571029018,Der elektrische Widerstand wird in Ohm gemessen.,
raw_bytes,256,q05,known,Bei wie viel Grad siedet Wasser unter Normaldruck?,f05,f30,f30,False,False,False,False,0.7029199269888773,0.5901242234378509,Das Kilogramm ist die SI-Einheit der Masse.,
raw_bytes,256,q06,known,Wie lange benötigt die Erde für einen Umlauf um die Sonne?,f06,f29,f29,False,False,False,False,0.520772501293953,0.5093336842106839,Bei einer Geige regen gestrichene Saiten den schallabstrahlenden Korpus an.,
raw_bytes,256,q07,known,Wie viele Tage dauert ein Umlauf des Mondes relativ zu Sternen?,f07,f07,f07,True,True,False,False,0.6841307309081719,0.6841307309081719,"Ein Umlauf des Mondes relativ zu den Sternen dauert ungefähr 27,3 Tage.",
raw_bytes,256,q08,known,Was geschieht bei der Photosynthese von Pflanzen?,f08,f30,f30,False,False,False,False,0.7324873659781979,0.5220338397087868,Das Kilogramm ist die SI-Einheit der Masse.,
raw_bytes,256,q09,known,Welche Funktion erfüllen Mitochondrien in Zellen?,f09,f25,f25,False,False,False,False,0.5987012427391015,0.29759513260523585,Der elektrische Widerstand wird in Ohm gemessen.,
raw_bytes,256,q10,known,Welche Rolle spielen Bienen für die Bestäubung?,f10,f10,f10,True,True,False,False,0.5987225555350122,0.5987225555350122,Bienen unterstützen die Bestäubung zahlreicher Blütenpflanzen.,
raw_bytes,256,q11,known,Wie viele Arme besitzt ein Oktopus?,f11,f01,f01,False,False,False,False,0.7254464527882304,0.5012382212078769,Die Hauptstadt Frankreichs ist Paris.,
raw_bytes,256,q12,known,Wie viele Beine besitzen Spinnen?,f12,f27,f27,False,False,False,False,0.7281732682387302,0.49993319609810516,Die elektrische Spannung wird in Volt gemessen.,
raw_bytes,256,q13,known,Sind Wale Säugetiere?,f13,f31,f31,False,False,False,False,0.5343728673162498,0.23665462597237014,Der Meter ist die SI-Einheit der Länge.,
raw_bytes,256,q14,known,Leitet Kupfer elektrischen Strom?,f14,f14,f14,True,True,False,False,0.8353302203940776,0.8353302203940776,Kupfer leitet elektrischen Strom sehr gut.,
raw_bytes,256,q15,known,Warum kann Fensterglas unter Belastung brechen?,f15,f27,f27,False,False,False,False,0.6054742388089562,0.41762353528749985,Die elektrische Spannung wird in Volt gemessen.,
raw_bytes,256,q16,known,In welche Anteile zerlegt eine Fourierreihe periodische Funktionen?,f16,f16,f16,True,True,False,False,0.7064440509224676,0.7064440509224676,Eine Fourierreihe zerlegt eine periodische Funktion in Sinus- und Kosinusanteile.,
raw_bytes,256,q17,known,Wie entsteht Interferenz zwischen Wellen?,f17,f27,f27,False,False,False,False,0.6933833000535896,0.3829533882022938,Die elektrische Spannung wird in Volt gemessen.,
raw_bytes,256,q18,known,Wie berechnet man die Wellenlänge aus Frequenz und Geschwindigkeit?,f18,f04,f04,False,False,False,False,0.6481677100835328,0.4315722897830527,Reines Wasser gefriert bei Normaldruck bei null Grad Celsius.,
raw_bytes,256,q19,known,Was berechnet der FFT-Algorithmus?,f19,f31,f31,False,False,False,False,0.7860642688011955,0.4503967408911317,Der Meter ist die SI-Einheit der Länge.,
raw_bytes,256,q20,known,Wie kodiert UTF-8 Unicode-Zeichen?,f20,f01,f01,False,False,False,False,0.6974843101634769,0.5064379712422273,Die Hauptstadt Frankreichs ist Paris.,
raw_bytes,256,q21,known,Sind Python-Listen veränderbar und geordnet?,f21,f13,f13,False,False,False,False,0.5816285198100507,0.4244900537814197,Wale gehören zu den Säugetieren und atmen Luft.,
raw_bytes,256,q22,known,Was bedeutet aufsteigende Sortierung bei Zahlen?,f22,f25,f25,False,False,False,False,0.7144428736621242,0.592437474355953,Der elektrische Widerstand wird in Ohm gemessen.,
raw_bytes,256,q23,known,Wie hilft eine kryptografische Prüfsumme bei Veränderungen der Daten?,f23,f16,f16,False,False,False,False,0.5503718145134593,0.313889563842117,Eine Fourierreihe zerlegt eine periodische Funktion in Sinus- und Kosinusanteile.,
raw_bytes,256,q24,known,Was speichert ein Kondensator?,f24,f31,f31,False,False,False,False,0.7200371660698908,0.3987572930704622,Der Meter ist die SI-Einheit der Länge.,
raw_bytes,256,q25,known,Welche Einheit hat der elektrische Widerstand?,f25,f32,f32,False,False,False,False,0.6426004909788687,0.6412172209986889,Die Sekunde ist die SI-Einheit der Zeit.,
raw_bytes,256,q26,known,In welcher Einheit misst man elektrische Stromstärke?,f26,f27,f27,False,False,False,False,0.5819529904327669,0.4505300221507273,Die elektrische Spannung wird in Volt gemessen.,
raw_bytes,256,q27,known,Welche Einheit verwendet man für elektrische Spannung?,f27,f05,f05,False,False,False,False,0.5807781599387762,0.5526613093390812,Reines Wasser siedet bei Normaldruck bei hundert Grad Celsius.,
raw_bytes,256,q28,known,Was schwingt im Inneren einer Flöte?,f28,p07,p07,False,False,False,False,0.7044116362956832,0.37580078186772053,Maler gestalten farbige Bilder.,
raw_bytes,256,q29,known,Wie erzeugen gestrichene Saiten einer Geige Schall?,f29,f27,f27,False,False,False,False,0.7134961629449341,0.525933494864144,Die elektrische Spannung wird in Volt gemessen.,
raw_bytes,256,q30,known,Welche Größe misst man in Kilogramm?,f30,f14,f14,False,False,False,False,0.5470761613332148,0.47591880623642085,Kupfer leitet elektrischen Strom sehr gut.,
raw_bytes,256,q31,known,Welche Größe wird in Meter angegeben?,f31,f04,f04,False,False,False,False,0.4996742615481501,0.40325284959072927,Reines Wasser gefriert bei Normaldruck bei null Grad Celsius.,
raw_bytes,256,q32,known,Welche Größe hat die SI-Einheit Sekunde?,f32,f14,f14,False,False,False,False,0.5516593734005333,0.42926865670068565,Kupfer leitet elektrischen Strom sehr gut.,
raw_bytes,256,n01,null,Wer gewann gestern die Wahl in Atlantis?,,f32,f32,False,False,False,False,0.781283648741079,,Die Sekunde ist die SI-Einheit der Zeit.,
raw_bytes,256,n02,null,Was ist mein persönliches Bankpasswort?,,f01,f01,False,False,False,False,0.605280690497626,,Die Hauptstadt Frankreichs ist Paris.,
raw_bytes,256,n03,null,Nenne das geheime Rezept der Firma Wolkentrank.,,f27,f27,False,False,False,False,0.6628738758114147,,Die elektrische Spannung wird in Volt gemessen.,
raw_bytes,256,n04,null,Wie heißt die Hauptstadt Brasiliens?,,f01,f01,False,False,False,False,0.7477115864956297,,Die Hauptstadt Frankreichs ist Paris.,
raw_bytes,256,n05,null,Welche Spannung benötigt das Gerät ZXQ-987?,,f27,f27,False,False,False,False,0.5174798884914847,,Die elektrische Spannung wird in Volt gemessen.,
raw_bytes,256,n06,null,Welcher Oktopus lebt in meinem Aquarium?,,p07,p07,False,False,False,False,0.7604366321701304,,Maler gestalten farbige Bilder.,
raw_bytes,256,n07,null,Wie viel kostet morgen ein Kilogramm Gold?,,f01,f01,False,False,False,False,0.714038236063087,,Die Hauptstadt Frankreichs ist Paris.,
raw_bytes,256,n08,null,,,,f01,True,False,True,True,0.0,,,Prompt must contain text
raw_bytes,256,n09,null,zxqv jjjzz 983742095,,p06,p06,False,False,False,False,0.5371957324601031,,Kraftstoff versorgt Verbrennungsmotoren.,
raw_bytes,256,n10,null,Erfinde ein bislang unbekanntes mathematisches Theorem mit Beweis.,,f20,f20,False,False,False,False,0.6392788429137533,,UTF-8 kodiert Unicode-Zeichen als Folgen von einem bis vier Bytes.,
raw_bytes,256,s01,semantic_no_overlap,Welches Haustier sollte täglich spazieren gehen?,p01,f27,f27,False,False,False,False,0.562645405429718,0.4221608501885044,Die elektrische Spannung wird in Volt gemessen.,
raw_bytes,256,s02,semantic_no_overlap,Wer diagnostiziert Leiden bei Patienten?,p02,f32,f32,False,False,False,False,0.7174667185470787,0.533566855045432,Die Sekunde ist die SI-Einheit der Zeit.,
raw_bytes,256,s03,semantic_no_overlap,Welche Berufsgruppe steuert Wasserfahrzeuge?,p03,f14,f14,False,False,False,False,0.6335811467169743,0.26173706956613985,Kupfer leitet elektrischen Strom sehr gut.,
raw_bytes,256,s04,semantic_no_overlap,Womit hält man sich an frostigen Tagen warm?,p04,f32,f32,False,False,False,False,0.6998074208557241,0.4505752166893175,Die Sekunde ist die SI-Einheit der Zeit.,
raw_bytes,256,s05,semantic_no_overlap,Was hilft dem Organismus beim nächtlichen Regenerieren?,p05,f30,f30,False,False,False,False,0.6294854765725556,0.24282598966273555,Das Kilogramm ist die SI-Einheit der Masse.,
raw_bytes,256,s06,semantic_no_overlap,Was tankt ein benzinbetriebenes Auto?,p06,p02,p02,False,False,False,False,0.7482935022923081,0.5176333972928364,Mediziner untersuchen erkrankte Personen.,
raw_bytes,256,s07,semantic_no_overlap,Welche Künstler erschaffen Gemälde?,p07,p05,p05,False,False,False,False,0.5898438714150059,0.4843829324103435,Schlaf fördert körperliche Erholung.,
raw_bytes,256,s08,semantic_no_overlap,Wer löscht lodernde Flammen?,p08,f11,f11,False,False,False,False,0.646598517962509,0.21848858659266102,Ein Oktopus besitzt acht Arme.,
raw_bytes,1024,q01,known,Wie heißt die Hauptstadt Frankreichs?,f01,f01,f01,True,True,False,False,0.6772473887093029,0.6772473887093029,Die Hauptstadt Frankreichs ist Paris.,
raw_bytes,1024,q02,known,Welche Hauptstadt hat Japan?,f02,f12,f12,False,False,False,False,0.7944607627712883,0.4884552964421958,Spinnen besitzen acht Beine.,
raw_bytes,1024,q03,known,Welche Stadt ist Italiens Hauptstadt?,f03,f12,f12,False,False,False,False,0.6391413877366054,0.4652025239312587,Spinnen besitzen acht Beine.,
raw_bytes,1024,q04,known,Bei welcher Temperatur gefriert reines Wasser bei Normaldruck?,f04,f25,f25,False,False,False,False,0.6534041036891732,0.6332199571029015,Der elektrische Widerstand wird in Ohm gemessen.,
raw_bytes,1024,q05,known,Bei wie viel Grad siedet Wasser unter Normaldruck?,f05,f30,f30,False,False,False,False,0.7029199269888777,0.5901242234378513,Das Kilogramm ist die SI-Einheit der Masse.,
raw_bytes,1024,q06,known,Wie lange benötigt die Erde für einen Umlauf um die Sonne?,f06,f29,f29,False,False,False,False,0.5207725012939537,0.5093336842106829,Bei einer Geige regen gestrichene Saiten den schallabstrahlenden Korpus an.,
raw_bytes,1024,q07,known,Wie viele Tage dauert ein Umlauf des Mondes relativ zu Sternen?,f07,f07,f07,True,True,False,False,0.6841307309081722,0.6841307309081722,"Ein Umlauf des Mondes relativ zu den Sternen dauert ungefähr 27,3 Tage.",
raw_bytes,1024,q08,known,Was geschieht bei der Photosynthese von Pflanzen?,f08,f30,f30,False,False,False,False,0.732487365978198,0.5220338397087865,Das Kilogramm ist die SI-Einheit der Masse.,
raw_bytes,1024,q09,known,Welche Funktion erfüllen Mitochondrien in Zellen?,f09,f25,f25,False,False,False,False,0.5987012427391017,0.2975951326052356,Der elektrische Widerstand wird in Ohm gemessen.,
raw_bytes,1024,q10,known,Welche Rolle spielen Bienen für die Bestäubung?,f10,f10,f10,True,True,False,False,0.5987225555350126,0.5987225555350126,Bienen unterstützen die Bestäubung zahlreicher Blütenpflanzen.,
raw_bytes,1024,q11,known,Wie viele Arme besitzt ein Oktopus?,f11,f01,f01,False,False,False,False,0.7254464527882298,0.5012382212078768,Die Hauptstadt Frankreichs ist Paris.,
raw_bytes,1024,q12,known,Wie viele Beine besitzen Spinnen?,f12,f27,f27,False,False,False,False,0.7281732682387303,0.4999331960981063,Die elektrische Spannung wird in Volt gemessen.,
raw_bytes,1024,q13,known,Sind Wale Säugetiere?,f13,f31,f31,False,False,False,False,0.5343728673162493,0.23665462597237003,Der Meter ist die SI-Einheit der Länge.,
raw_bytes,1024,q14,known,Leitet Kupfer elektrischen Strom?,f14,f14,f14,True,True,False,False,0.8353302203940766,0.8353302203940766,Kupfer leitet elektrischen Strom sehr gut.,
raw_bytes,1024,q15,known,Warum kann Fensterglas unter Belastung brechen?,f15,f27,f27,False,False,False,False,0.6054742388089559,0.41762353528750035,Die elektrische Spannung wird in Volt gemessen.,
raw_bytes,1024,q16,known,In welche Anteile zerlegt eine Fourierreihe periodische Funktionen?,f16,f16,f16,True,True,False,False,0.7064440509224682,0.7064440509224682,Eine Fourierreihe zerlegt eine periodische Funktion in Sinus- und Kosinusanteile.,
raw_bytes,1024,q17,known,Wie entsteht Interferenz zwischen Wellen?,f17,f27,f27,False,False,False,False,0.6933833000535883,0.38295338820229385,Die elektrische Spannung wird in Volt gemessen.,
raw_bytes,1024,q18,known,Wie berechnet man die Wellenlänge aus Frequenz und Geschwindigkeit?,f18,f04,f04,False,False,False,False,0.6481677100835325,0.4315722897830532,Reines Wasser gefriert bei Normaldruck bei null Grad Celsius.,
raw_bytes,1024,q19,known,Was berechnet der FFT-Algorithmus?,f19,f31,f31,False,False,False,False,0.7860642688011962,0.4503967408911319,Der Meter ist die SI-Einheit der Länge.,
raw_bytes,1024,q20,known,Wie kodiert UTF-8 Unicode-Zeichen?,f20,f01,f01,False,False,False,False,0.6974843101634766,0.506437971242227,Die Hauptstadt Frankreichs ist Paris.,
raw_bytes,1024,q21,known,Sind Python-Listen veränderbar und geordnet?,f21,f13,f13,False,False,False,False,0.581628519810051,0.42449005378142024,Wale gehören zu den Säugetieren und atmen Luft.,
raw_bytes,1024,q22,known,Was bedeutet aufsteigende Sortierung bei Zahlen?,f22,f25,f25,False,False,False,False,0.7144428736621237,0.5924374743559511,Der elektrische Widerstand wird in Ohm gemessen.,
raw_bytes,1024,q23,known,Wie hilft eine kryptografische Prüfsumme bei Veränderungen der Daten?,f23,f16,f16,False,False,False,False,0.5503718145134594,0.31388956384211747,Eine Fourierreihe zerlegt eine periodische Funktion in Sinus- und Kosinusanteile.,
raw_bytes,1024,q24,known,Was speichert ein Kondensator?,f24,f31,f31,False,False,False,False,0.7200371660698915,0.39875729307046215,Der Meter ist die SI-Einheit der Länge.,
raw_bytes,1024,q25,known,Welche Einheit hat der elektrische Widerstand?,f25,f32,f32,False,False,False,False,0.6426004909788684,0.6412172209986905,Die Sekunde ist die SI-Einheit der Zeit.,
raw_bytes,1024,q26,known,In welcher Einheit misst man elektrische Stromstärke?,f26,f27,f27,False,False,False,False,0.5819529904327672,0.4505300221507271,Die elektrische Spannung wird in Volt gemessen.,
raw_bytes,1024,q27,known,Welche Einheit verwendet man für elektrische Spannung?,f27,f05,f05,False,False,False,False,0.580778159938777,0.5526613093390812,Reines Wasser siedet bei Normaldruck bei hundert Grad Celsius.,
raw_bytes,1024,q28,known,Was schwingt im Inneren einer Flöte?,f28,p07,p07,False,False,False,False,0.7044116362956842,0.3758007818677204,Maler gestalten farbige Bilder.,
raw_bytes,1024,q29,known,Wie erzeugen gestrichene Saiten einer Geige Schall?,f29,f27,f27,False,False,False,False,0.7134961629449345,0.525933494864144,Die elektrische Spannung wird in Volt gemessen.,
raw_bytes,1024,q30,known,Welche Größe misst man in Kilogramm?,f30,f14,f14,False,False,False,False,0.5470761613332163,0.47591880623641997,Kupfer leitet elektrischen Strom sehr gut.,
raw_bytes,1024,q31,known,Welche Größe wird in Meter angegeben?,f31,f04,f04,False,False,False,False,0.4996742615481494,0.40325284959072905,Reines Wasser gefriert bei Normaldruck bei null Grad Celsius.,
raw_bytes,1024,q32,known,Welche Größe hat die SI-Einheit Sekunde?,f32,f14,f14,False,False,False,False,0.5516593734005343,0.42926865670068604,Kupfer leitet elektrischen Strom sehr gut.,
raw_bytes,1024,n01,null,Wer gewann gestern die Wahl in Atlantis?,,f32,f32,False,False,False,False,0.7812836487410793,,Die Sekunde ist die SI-Einheit der Zeit.,
raw_bytes,1024,n02,null,Was ist mein persönliches Bankpasswort?,,f01,f01,False,False,False,False,0.6052806904976273,,Die Hauptstadt Frankreichs ist Paris.,
raw_bytes,1024,n03,null,Nenne das geheime Rezept der Firma Wolkentrank.,,f27,f27,False,False,False,False,0.6628738758114143,,Die elektrische Spannung wird in Volt gemessen.,
raw_bytes,1024,n04,null,Wie heißt die Hauptstadt Brasiliens?,,f01,f01,False,False,False,False,0.7477115864956303,,Die Hauptstadt Frankreichs ist Paris.,
raw_bytes,1024,n05,null,Welche Spannung benötigt das Gerät ZXQ-987?,,f27,f27,False,False,False,False,0.5174798884914833,,Die elektrische Spannung wird in Volt gemessen.,
raw_bytes,1024,n06,null,Welcher Oktopus lebt in meinem Aquarium?,,p07,p07,False,False,False,False,0.7604366321701287,,Maler gestalten farbige Bilder.,
raw_bytes,1024,n07,null,Wie viel kostet morgen ein Kilogramm Gold?,,f01,f01,False,False,False,False,0.7140382360630879,,Die Hauptstadt Frankreichs ist Paris.,
raw_bytes,1024,n08,null,,,,f01,True,False,True,True,0.0,,,Prompt must contain text
raw_bytes,1024,n09,null,zxqv jjjzz 983742095,,p06,p06,False,False,False,False,0.5371957324601027,,Kraftstoff versorgt Verbrennungsmotoren.,
raw_bytes,1024,n10,null,Erfinde ein bislang unbekanntes mathematisches Theorem mit Beweis.,,f20,f20,False,False,False,False,0.639278842913755,,UTF-8 kodiert Unicode-Zeichen als Folgen von einem bis vier Bytes.,
raw_bytes,1024,s01,semantic_no_overlap,Welches Haustier sollte täglich spazieren gehen?,p01,f27,f27,False,False,False,False,0.5626454054297181,0.42216085018850447,Die elektrische Spannung wird in Volt gemessen.,
raw_bytes,1024,s02,semantic_no_overlap,Wer diagnostiziert Leiden bei Patienten?,p02,f32,f32,False,False,False,False,0.7174667185470791,0.5335668550454326,Die Sekunde ist die SI-Einheit der Zeit.,
raw_bytes,1024,s03,semantic_no_overlap,Welche Berufsgruppe steuert Wasserfahrzeuge?,p03,f14,f14,False,False,False,False,0.6335811467169732,0.2617370695661394,Kupfer leitet elektrischen Strom sehr gut.,
raw_bytes,1024,s04,semantic_no_overlap,Womit hält man sich an frostigen Tagen warm?,p04,f32,f32,False,False,False,False,0.699807420855723,0.4505752166893176,Die Sekunde ist die SI-Einheit der Zeit.,
raw_bytes,1024,s05,semantic_no_overlap,Was hilft dem Organismus beim nächtlichen Regenerieren?,p05,f30,f30,False,False,False,False,0.6294854765725555,0.24282598966273536,Das Kilogramm ist die SI-Einheit der Masse.,
raw_bytes,1024,s06,semantic_no_overlap,Was tankt ein benzinbetriebenes Auto?,p06,p02,p02,False,False,False,False,0.7482935022923093,0.5176333972928364,Mediziner untersuchen erkrankte Personen.,
raw_bytes,1024,s07,semantic_no_overlap,Welche Künstler erschaffen Gemälde?,p07,p05,p05,False,False,False,False,0.5898438714150056,0.4843829324103431,Schlaf fördert körperliche Erholung.,
raw_bytes,1024,s08,semantic_no_overlap,Wer löscht lodernde Flammen?,p08,f11,f11,False,False,False,False,0.6465985179625093,0.2184885865926606,Ein Oktopus besitzt acht Arme.,
raw_bytes,4096,q01,known,Wie heißt die Hauptstadt Frankreichs?,f01,f01,f01,True,True,False,False,0.6772473887093035,0.6772473887093035,Die Hauptstadt Frankreichs ist Paris.,
raw_bytes,4096,q02,known,Welche Hauptstadt hat Japan?,f02,f12,f12,False,False,False,False,0.7944607627712899,0.4884552964421956,Spinnen besitzen acht Beine.,
raw_bytes,4096,q03,known,Welche Stadt ist Italiens Hauptstadt?,f03,f12,f12,False,False,False,False,0.6391413877366069,0.46520252393125794,Spinnen besitzen acht Beine.,
raw_bytes,4096,q04,known,Bei welcher Temperatur gefriert reines Wasser bei Normaldruck?,f04,f25,f25,False,False,False,False,0.6534041036891735,0.6332199571028996,Der elektrische Widerstand wird in Ohm gemessen.,
raw_bytes,4096,q05,known,Bei wie viel Grad siedet Wasser unter Normaldruck?,f05,f30,f30,False,False,False,False,0.7029199269888785,0.5901242234378496,Das Kilogramm ist die SI-Einheit der Masse.,
raw_bytes,4096,q06,known,Wie lange benötigt die Erde für einen Umlauf um die Sonne?,f06,f29,f29,False,False,False,False,0.5207725012939524,0.5093336842106843,Bei einer Geige regen gestrichene Saiten den schallabstrahlenden Korpus an.,
raw_bytes,4096,q07,known,Wie viele Tage dauert ein Umlauf des Mondes relativ zu Sternen?,f07,f07,f07,True,True,False,False,0.6841307309081727,0.6841307309081727,"Ein Umlauf des Mondes relativ zu den Sternen dauert ungefähr 27,3 Tage.",
raw_bytes,4096,q08,known,Was geschieht bei der Photosynthese von Pflanzen?,f08,f30,f30,False,False,False,False,0.732487365978199,0.522033839708786,Das Kilogramm ist die SI-Einheit der Masse.,
raw_bytes,4096,q09,known,Welche Funktion erfüllen Mitochondrien in Zellen?,f09,f25,f25,False,False,False,False,0.5987012427391013,0.2975951326052352,Der elektrische Widerstand wird in Ohm gemessen.,
raw_bytes,4096,q10,known,Welche Rolle spielen Bienen für die Bestäubung?,f10,f10,f10,True,True,False,False,0.598722555535013,0.598722555535013,Bienen unterstützen die Bestäubung zahlreicher Blütenpflanzen.,
raw_bytes,4096,q11,known,Wie viele Arme besitzt ein Oktopus?,f11,f01,f01,False,False,False,False,0.7254464527882297,0.5012382212078776,Die Hauptstadt Frankreichs ist Paris.,
raw_bytes,4096,q12,known,Wie viele Beine besitzen Spinnen?,f12,f27,f27,False,False,False,False,0.7281732682387322,0.4999331960981043,Die elektrische Spannung wird in Volt gemessen.,
raw_bytes,4096,q13,known,Sind Wale Säugetiere?,f13,f31,f31,False,False,False,False,0.5343728673162492,0.23665462597236936,Der Meter ist die SI-Einheit der Länge.,
raw_bytes,4096,q14,known,Leitet Kupfer elektrischen Strom?,f14,f14,f14,True,True,False,False,0.8353302203940776,0.8353302203940776,Kupfer leitet elektrischen Strom sehr gut.,
raw_bytes,4096,q15,known,Warum kann Fensterglas unter Belastung brechen?,f15,f27,f27,False,False,False,False,0.6054742388089553,0.4176235352875,Die elektrische Spannung wird in Volt gemessen.,
raw_bytes,4096,q16,known,In welche Anteile zerlegt eine Fourierreihe periodische Funktionen?,f16,f16,f16,True,True,False,False,0.706444050922468,0.706444050922468,Eine Fourierreihe zerlegt eine periodische Funktion in Sinus- und Kosinusanteile.,
raw_bytes,4096,q17,known,Wie entsteht Interferenz zwischen Wellen?,f17,f27,f27,False,False,False,False,0.6933833000535863,0.3829533882022946,Die elektrische Spannung wird in Volt gemessen.,
raw_bytes,4096,q18,known,Wie berechnet man die Wellenlänge aus Frequenz und Geschwindigkeit?,f18,f04,f04,False,False,False,False,0.6481677100835311,0.431572289783052,Reines Wasser gefriert bei Normaldruck bei null Grad Celsius.,
raw_bytes,4096,q19,known,Was berechnet der FFT-Algorithmus?,f19,f31,f31,False,False,False,False,0.7860642688011957,0.4503967408911327,Der Meter ist die SI-Einheit der Länge.,
raw_bytes,4096,q20,known,Wie kodiert UTF-8 Unicode-Zeichen?,f20,f01,f01,False,False,False,False,0.6974843101634799,0.5064379712422289,Die Hauptstadt Frankreichs ist Paris.,
raw_bytes,4096,q21,known,Sind Python-Listen veränderbar und geordnet?,f21,f13,f13,False,False,False,False,0.5816285198100515,0.42449005378141935,Wale gehören zu den Säugetieren und atmen Luft.,
raw_bytes,4096,q22,known,Was bedeutet aufsteigende Sortierung bei Zahlen?,f22,f25,f25,False,False,False,False,0.7144428736621272,0.5924374743559497,Der elektrische Widerstand wird in Ohm gemessen.,
raw_bytes,4096,q23,known,Wie hilft eine kryptografische Prüfsumme bei Veränderungen der Daten?,f23,f16,f16,False,False,False,False,0.55037181451346,0.3138895638421171,Eine Fourierreihe zerlegt eine periodische Funktion in Sinus- und Kosinusanteile.,
raw_bytes,4096,q24,known,Was speichert ein Kondensator?,f24,f31,f31,False,False,False,False,0.7200371660698889,0.39875729307046265,Der Meter ist die SI-Einheit der Länge.,
raw_bytes,4096,q25,known,Welche Einheit hat der elektrische Widerstand?,f25,f32,f32,False,False,False,False,0.6426004909788706,0.6412172209986872,Die Sekunde ist die SI-Einheit der Zeit.,
raw_bytes,4096,q26,known,In welcher Einheit misst man elektrische Stromstärke?,f26,f27,f27,False,False,False,False,0.5819529904327672,0.4505300221507269,Die elektrische Spannung wird in Volt gemessen.,
raw_bytes,4096,q27,known,Welche Einheit verwendet man für elektrische Spannung?,f27,f05,f05,False,False,False,False,0.5807781599387769,0.5526613093390793,Reines Wasser siedet bei Normaldruck bei hundert Grad Celsius.,
raw_bytes,4096,q28,known,Was schwingt im Inneren einer Flöte?,f28,p07,p07,False,False,False,False,0.7044116362956837,0.3758007818677213,Maler gestalten farbige Bilder.,
raw_bytes,4096,q29,known,Wie erzeugen gestrichene Saiten einer Geige Schall?,f29,f27,f27,False,False,False,False,0.7134961629449315,0.5259334948641403,Die elektrische Spannung wird in Volt gemessen.,
raw_bytes,4096,q30,known,Welche Größe misst man in Kilogramm?,f30,f14,f14,False,False,False,False,0.547076161333217,0.47591880623641936,Kupfer leitet elektrischen Strom sehr gut.,
raw_bytes,4096,q31,known,Welche Größe wird in Meter angegeben?,f31,f04,f04,False,False,False,False,0.49967426154814754,0.40325284959072816,Reines Wasser gefriert bei Normaldruck bei null Grad Celsius.,
raw_bytes,4096,q32,known,Welche Größe hat die SI-Einheit Sekunde?,f32,f14,f14,False,False,False,False,0.5516593734005334,0.42926865670068587,Kupfer leitet elektrischen Strom sehr gut.,
raw_bytes,4096,n01,null,Wer gewann gestern die Wahl in Atlantis?,,f32,f32,False,False,False,False,0.7812836487410783,,Die Sekunde ist die SI-Einheit der Zeit.,
raw_bytes,4096,n02,null,Was ist mein persönliches Bankpasswort?,,f01,f01,False,False,False,False,0.6052806904976258,,Die Hauptstadt Frankreichs ist Paris.,
raw_bytes,4096,n03,null,Nenne das geheime Rezept der Firma Wolkentrank.,,f27,f27,False,False,False,False,0.6628738758114148,,Die elektrische Spannung wird in Volt gemessen.,
raw_bytes,4096,n04,null,Wie heißt die Hauptstadt Brasiliens?,,f01,f01,False,False,False,False,0.7477115864956282,,Die Hauptstadt Frankreichs ist Paris.,
raw_bytes,4096,n05,null,Welche Spannung benötigt das Gerät ZXQ-987?,,f27,f27,False,False,False,False,0.5174798884914861,,Die elektrische Spannung wird in Volt gemessen.,
raw_bytes,4096,n06,null,Welcher Oktopus lebt in meinem Aquarium?,,p07,p07,False,False,False,False,0.760436632170131,,Maler gestalten farbige Bilder.,
raw_bytes,4096,n07,null,Wie viel kostet morgen ein Kilogramm Gold?,,f01,f01,False,False,False,False,0.7140382360630871,,Die Hauptstadt Frankreichs ist Paris.,
raw_bytes,4096,n08,null,,,,f01,True,False,True,True,0.0,,,Prompt must contain text
raw_bytes,4096,n09,null,zxqv jjjzz 983742095,,p06,p06,False,False,False,False,0.537195732460104,,Kraftstoff versorgt Verbrennungsmotoren.,
raw_bytes,4096,n10,null,Erfinde ein bislang unbekanntes mathematisches Theorem mit Beweis.,,f20,f20,False,False,False,False,0.6392788429137539,,UTF-8 kodiert Unicode-Zeichen als Folgen von einem bis vier Bytes.,
raw_bytes,4096,s01,semantic_no_overlap,Welches Haustier sollte täglich spazieren gehen?,p01,f27,f27,False,False,False,False,0.5626454054297195,0.42216085018850286,Die elektrische Spannung wird in Volt gemessen.,
raw_bytes,4096,s02,semantic_no_overlap,Wer diagnostiziert Leiden bei Patienten?,p02,f32,f32,False,False,False,False,0.7174667185470822,0.5335668550454324,Die Sekunde ist die SI-Einheit der Zeit.,
raw_bytes,4096,s03,semantic_no_overlap,Welche Berufsgruppe steuert Wasserfahrzeuge?,p03,f14,f14,False,False,False,False,0.6335811467169769,0.2617370695661399,Kupfer leitet elektrischen Strom sehr gut.,
raw_bytes,4096,s04,semantic_no_overlap,Womit hält man sich an frostigen Tagen warm?,p04,f32,f32,False,False,False,False,0.6998074208557222,0.4505752166893179,Die Sekunde ist die SI-Einheit der Zeit.,
raw_bytes,4096,s05,semantic_no_overlap,Was hilft dem Organismus beim nächtlichen Regenerieren?,p05,f30,f30,False,False,False,False,0.6294854765725536,0.2428259896627348,Das Kilogramm ist die SI-Einheit der Masse.,
raw_bytes,4096,s06,semantic_no_overlap,Was tankt ein benzinbetriebenes Auto?,p06,p02,p02,False,False,False,False,0.7482935022923091,0.5176333972928355,Mediziner untersuchen erkrankte Personen.,
raw_bytes,4096,s07,semantic_no_overlap,Welche Künstler erschaffen Gemälde?,p07,p05,p05,False,False,False,False,0.5898438714150035,0.48438293241034397,Schlaf fördert körperliche Erholung.,
raw_bytes,4096,s08,semantic_no_overlap,Wer löscht lodernde Flammen?,p08,f11,f11,False,False,False,False,0.6465985179625101,0.2184885865926621,Ein Oktopus besitzt acht Arme.,
raw_bytes,16384,q01,known,Wie heißt die Hauptstadt Frankreichs?,f01,f01,f01,True,True,False,False,0.677247388709299,0.677247388709299,Die Hauptstadt Frankreichs ist Paris.,
raw_bytes,16384,q02,known,Welche Hauptstadt hat Japan?,f02,f12,f12,False,False,False,False,0.7944607627712911,0.48845529644219626,Spinnen besitzen acht Beine.,
raw_bytes,16384,q03,known,Welche Stadt ist Italiens Hauptstadt?,f03,f12,f12,False,False,False,False,0.639141387736606,0.4652025239312583,Spinnen besitzen acht Beine.,
raw_bytes,16384,q04,known,Bei welcher Temperatur gefriert reines Wasser bei Normaldruck?,f04,f25,f25,False,False,False,False,0.6534041036891758,0.6332199571029052,Der elektrische Widerstand wird in Ohm gemessen.,
raw_bytes,16384,q05,known,Bei wie viel Grad siedet Wasser unter Normaldruck?,f05,f30,f30,False,False,False,False,0.70291992698888,0.590124223437847,Das Kilogramm ist die SI-Einheit der Masse.,
raw_bytes,16384,q06,known,Wie lange benötigt die Erde für einen Umlauf um die Sonne?,f06,f29,f29,False,False,False,False,0.5207725012939531,0.5093336842106815,Bei einer Geige regen gestrichene Saiten den schallabstrahlenden Korpus an.,
raw_bytes,16384,q07,known,Wie viele Tage dauert ein Umlauf des Mondes relativ zu Sternen?,f07,f07,f07,True,True,False,False,0.6841307309081703,0.6841307309081703,"Ein Umlauf des Mondes relativ zu den Sternen dauert ungefähr 27,3 Tage.",
raw_bytes,16384,q08,known,Was geschieht bei der Photosynthese von Pflanzen?,f08,f30,f30,False,False,False,False,0.7324873659781962,0.5220338397087853,Das Kilogramm ist die SI-Einheit der Masse.,
raw_bytes,16384,q09,known,Welche Funktion erfüllen Mitochondrien in Zellen?,f09,f25,f25,False,False,False,False,0.5987012427390984,0.29759513260523496,Der elektrische Widerstand wird in Ohm gemessen.,
raw_bytes,16384,q10,known,Welche Rolle spielen Bienen für die Bestäubung?,f10,f10,f10,True,True,False,False,0.5987225555350093,0.5987225555350093,Bienen unterstützen die Bestäubung zahlreicher Blütenpflanzen.,
raw_bytes,16384,q11,known,Wie viele Arme besitzt ein Oktopus?,f11,f01,f01,False,False,False,False,0.7254464527882236,0.5012382212078768,Die Hauptstadt Frankreichs ist Paris.,
raw_bytes,16384,q12,known,Wie viele Beine besitzen Spinnen?,f12,f27,f27,False,False,False,False,0.7281732682387295,0.499933196098106,Die elektrische Spannung wird in Volt gemessen.,
raw_bytes,16384,q13,known,Sind Wale Säugetiere?,f13,f31,f31,False,False,False,False,0.5343728673162487,0.2366546259723715,Der Meter ist die SI-Einheit der Länge.,
raw_bytes,16384,q14,known,Leitet Kupfer elektrischen Strom?,f14,f14,f14,True,True,False,False,0.8353302203940811,0.8353302203940811,Kupfer leitet elektrischen Strom sehr gut.,
raw_bytes,16384,q15,known,Warum kann Fensterglas unter Belastung brechen?,f15,f27,f27,False,False,False,False,0.6054742388089555,0.41762353528749846,Die elektrische Spannung wird in Volt gemessen.,
raw_bytes,16384,q16,known,In welche Anteile zerlegt eine Fourierreihe periodische Funktionen?,f16,f16,f16,True,True,False,False,0.7064440509224684,0.7064440509224684,Eine Fourierreihe zerlegt eine periodische Funktion in Sinus- und Kosinusanteile.,
raw_bytes,16384,q17,known,Wie entsteht Interferenz zwischen Wellen?,f17,f27,f27,False,False,False,False,0.6933833000535942,0.3829533882022934,Die elektrische Spannung wird in Volt gemessen.,
raw_bytes,16384,q18,known,Wie berechnet man die Wellenlänge aus Frequenz und Geschwindigkeit?,f18,f04,f04,False,False,False,False,0.6481677100835361,0.43157228978305334,Reines Wasser gefriert bei Normaldruck bei null Grad Celsius.,
raw_bytes,16384,q19,known,Was berechnet der FFT-Algorithmus?,f19,f31,f31,False,False,False,False,0.7860642688011944,0.45039674089113174,Der Meter ist die SI-Einheit der Länge.,
raw_bytes,16384,q20,known,Wie kodiert UTF-8 Unicode-Zeichen?,f20,f01,f01,False,False,False,False,0.697484310163475,0.5064379712422262,Die Hauptstadt Frankreichs ist Paris.,
raw_bytes,16384,q21,known,Sind Python-Listen veränderbar und geordnet?,f21,f13,f13,False,False,False,False,0.581628519810054,0.4244900537814198,Wale gehören zu den Säugetieren und atmen Luft.,
raw_bytes,16384,q22,known,Was bedeutet aufsteigende Sortierung bei Zahlen?,f22,f25,f25,False,False,False,False,0.7144428736621219,0.5924374743559568,Der elektrische Widerstand wird in Ohm gemessen.,
raw_bytes,16384,q23,known,Wie hilft eine kryptografische Prüfsumme bei Veränderungen der Daten?,f23,f16,f16,False,False,False,False,0.550371814513454,0.3138895638421176,Eine Fourierreihe zerlegt eine periodische Funktion in Sinus- und Kosinusanteile.,
raw_bytes,16384,q24,known,Was speichert ein Kondensator?,f24,f31,f31,False,False,False,False,0.7200371660698834,0.39875729307046165,Der Meter ist die SI-Einheit der Länge.,
raw_bytes,16384,q25,known,Welche Einheit hat der elektrische Widerstand?,f25,f32,f32,False,False,False,False,0.6426004909788635,0.6412172209986917,Die Sekunde ist die SI-Einheit der Zeit.,
raw_bytes,16384,q26,known,In welcher Einheit misst man elektrische Stromstärke?,f26,f27,f27,False,False,False,False,0.5819529904327668,0.4505300221507266,Die elektrische Spannung wird in Volt gemessen.,
raw_bytes,16384,q27,known,Welche Einheit verwendet man für elektrische Spannung?,f27,f05,f05,False,False,False,False,0.580778159938775,0.552661309339081,Reines Wasser siedet bei Normaldruck bei hundert Grad Celsius.,
raw_bytes,16384,q28,known,Was schwingt im Inneren einer Flöte?,f28,p07,p07,False,False,False,False,0.7044116362956866,0.3758007818677198,Maler gestalten farbige Bilder.,
raw_bytes,16384,q29,known,Wie erzeugen gestrichene Saiten einer Geige Schall?,f29,f27,f27,False,False,False,False,0.71349616294493,0.5259334948641436,Die elektrische Spannung wird in Volt gemessen.,
raw_bytes,16384,q30,known,Welche Größe misst man in Kilogramm?,f30,f14,f14,False,False,False,False,0.5470761613332171,0.4759188062364209,Kupfer leitet elektrischen Strom sehr gut.,
raw_bytes,16384,q31,known,Welche Größe wird in Meter angegeben?,f31,f04,f04,False,False,False,False,0.49967426154815153,0.40325284959073027,Reines Wasser gefriert bei Normaldruck bei null Grad Celsius.,
raw_bytes,16384,q32,known,Welche Größe hat die SI-Einheit Sekunde?,f32,f14,f14,False,False,False,False,0.5516593734005344,0.4292686567006845,Kupfer leitet elektrischen Strom sehr gut.,
raw_bytes,16384,n01,null,Wer gewann gestern die Wahl in Atlantis?,,f32,f32,False,False,False,False,0.7812836487410812,,Die Sekunde ist die SI-Einheit der Zeit.,
raw_bytes,16384,n02,null,Was ist mein persönliches Bankpasswort?,,f01,f01,False,False,False,False,0.6052806904976235,,Die Hauptstadt Frankreichs ist Paris.,
raw_bytes,16384,n03,null,Nenne das geheime Rezept der Firma Wolkentrank.,,f27,f27,False,False,False,False,0.662873875811416,,Die elektrische Spannung wird in Volt gemessen.,
raw_bytes,16384,n04,null,Wie heißt die Hauptstadt Brasiliens?,,f01,f01,False,False,False,False,0.7477115864956311,,Die Hauptstadt Frankreichs ist Paris.,
raw_bytes,16384,n05,null,Welche Spannung benötigt das Gerät ZXQ-987?,,f27,f27,False,False,False,False,0.5174798884914842,,Die elektrische Spannung wird in Volt gemessen.,
raw_bytes,16384,n06,null,Welcher Oktopus lebt in meinem Aquarium?,,p07,p07,False,False,False,False,0.7604366321701291,,Maler gestalten farbige Bilder.,
raw_bytes,16384,n07,null,Wie viel kostet morgen ein Kilogramm Gold?,,f01,f01,False,False,False,False,0.7140382360630831,,Die Hauptstadt Frankreichs ist Paris.,
raw_bytes,16384,n08,null,,,,f01,True,False,True,True,0.0,,,Prompt must contain text
raw_bytes,16384,n09,null,zxqv jjjzz 983742095,,p06,p06,False,False,False,False,0.5371957324601044,,Kraftstoff versorgt Verbrennungsmotoren.,
raw_bytes,16384,n10,null,Erfinde ein bislang unbekanntes mathematisches Theorem mit Beweis.,,f20,f20,False,False,False,False,0.6392788429137538,,UTF-8 kodiert Unicode-Zeichen als Folgen von einem bis vier Bytes.,
raw_bytes,16384,s01,semantic_no_overlap,Welches Haustier sollte täglich spazieren gehen?,p01,f27,f27,False,False,False,False,0.5626454054297145,0.42216085018850547,Die elektrische Spannung wird in Volt gemessen.,
raw_bytes,16384,s02,semantic_no_overlap,Wer diagnostiziert Leiden bei Patienten?,p02,f32,f32,False,False,False,False,0.7174667185470852,0.5335668550454365,Die Sekunde ist die SI-Einheit der Zeit.,
raw_bytes,16384,s03,semantic_no_overlap,Welche Berufsgruppe steuert Wasserfahrzeuge?,p03,f14,f14,False,False,False,False,0.6335811467169752,0.26173706956613735,Kupfer leitet elektrischen Strom sehr gut.,
raw_bytes,16384,s04,semantic_no_overlap,Womit hält man sich an frostigen Tagen warm?,p04,f32,f32,False,False,False,False,0.6998074208557228,0.450575216689316,Die Sekunde ist die SI-Einheit der Zeit.,
raw_bytes,16384,s05,semantic_no_overlap,Was hilft dem Organismus beim nächtlichen Regenerieren?,p05,f30,f30,False,False,False,False,0.6294854765725526,0.24282598966273528,Das Kilogramm ist die SI-Einheit der Masse.,
raw_bytes,16384,s06,semantic_no_overlap,Was tankt ein benzinbetriebenes Auto?,p06,p02,p02,False,False,False,False,0.7482935022923123,0.5176333972928379,Mediziner untersuchen erkrankte Personen.,
raw_bytes,16384,s07,semantic_no_overlap,Welche Künstler erschaffen Gemälde?,p07,p05,p05,False,False,False,False,0.5898438714150026,0.48438293241034647,Schlaf fördert körperliche Erholung.,
raw_bytes,16384,s08,semantic_no_overlap,Wer löscht lodernde Flammen?,p08,f11,f11,False,False,False,False,0.6465985179625123,0.21848858659266043,Ein Oktopus besitzt acht Arme.,
words,256,q01,known,Wie heißt die Hauptstadt Frankreichs?,f01,f01,f01,True,True,False,False,0.6666666666666664,0.6666666666666664,Die Hauptstadt Frankreichs ist Paris.,
words,256,q02,known,Welche Hauptstadt hat Japan?,f02,f01,f01,False,False,False,False,0.4082482904638631,0.3535533905932737,Die Hauptstadt Frankreichs ist Paris.,
words,256,q03,known,Welche Stadt ist Italiens Hauptstadt?,f03,f03,f03,True,True,False,False,0.6666666666666671,0.6666666666666671,Die Hauptstadt Italiens ist Rom.,
words,256,q04,known,Bei welcher Temperatur gefriert reines Wasser bei Normaldruck?,f04,f04,f04,True,True,False,False,0.6761234037828134,0.6761234037828134,Reines Wasser gefriert bei Normaldruck bei null Grad Celsius.,
words,256,q05,known,Bei wie viel Grad siedet Wasser unter Normaldruck?,f05,f05,f05,True,True,False,False,0.6761234037828138,0.6761234037828138,Reines Wasser siedet bei Normaldruck bei hundert Grad Celsius.,
words,256,q06,known,Wie lange benötigt die Erde für einen Umlauf um die Sonne?,f06,f06,f06,True,True,False,False,0.6761234037828132,0.6761234037828132,Die Erde benötigt für einen Umlauf um die Sonne ungefähr 365 Tage.,
words,256,q07,known,Wie viele Tage dauert ein Umlauf des Mondes relativ zu Sternen?,f07,f07,f07,True,True,False,False,0.7977240352174653,0.7977240352174653,"Ein Umlauf des Mondes relativ zu den Sternen dauert ungefähr 27,3 Tage.",
words,256,q08,known,Was geschieht bei der Photosynthese von Pflanzen?,f08,f08,f08,True,True,False,False,0.4714045207910319,0.4714045207910319,Bei der Photosynthese wandeln Pflanzen Lichtenergie in chemische Energie um.,
words,256,q09,known,Welche Funktion erfüllen Mitochondrien in Zellen?,f09,f09,f09,True,True,False,False,0.35355339059327406,0.35355339059327406,Mitochondrien stellen in vielen Zellen einen großen Teil des ATP bereit.,
words,256,q10,known,Welche Rolle spielen Bienen für die Bestäubung?,f10,f10,f10,True,True,False,False,0.44721359549995804,0.44721359549995804,Bienen unterstützen die Bestäubung zahlreicher Blütenpflanzen.,
words,256,q11,known,Wie viele Arme besitzt ein Oktopus?,f11,f11,f11,True,True,False,False,0.7499999999999998,0.7499999999999998,Ein Oktopus besitzt acht Arme.,
words,256,q12,known,Wie viele Beine besitzen Spinnen?,f12,f12,f12,True,True,False,False,0.7500000000000002,0.7500000000000002,Spinnen besitzen acht Beine.,
words,256,q13,known,Sind Wale Säugetiere?,f13,f13,f18,True,False,False,False,0.31622776601683794,0.3162277660168378,Wale gehören zu den Säugetieren und atmen Luft.,
words,256,q14,known,Leitet Kupfer elektrischen Strom?,f14,f14,f14,True,True,False,False,0.8164965809277256,0.8164965809277256,Kupfer leitet elektrischen Strom sehr gut.,
words,256,q15,known,Warum kann Fensterglas unter Belastung brechen?,f15,f15,f15,True,True,False,False,0.7745966692414832,0.7745966692414832,Gewöhnliches Fensterglas ist spröde und kann unter Belastung brechen.,
words,256,q16,known,In welche Anteile zerlegt eine Fourierreihe periodische Funktionen?,f16,f16,f16,True,True,False,False,0.5477225575051663,0.5477225575051663,Eine Fourierreihe zerlegt eine periodische Funktion in Sinus- und Kosinusanteile.,
words,256,q17,known,Wie entsteht Interferenz zwischen Wellen?,f17,f17,f17,True,True,False,False,0.6708203932499374,0.6708203932499374,Interferenz entsteht durch die Überlagerung mehrerer Wellen.,
words,256,q18,known,Wie berechnet man die Wellenlänge aus Frequenz und Geschwindigkeit?,f18,f18,f18,True,True,False,False,0.4472135954999581,0.4472135954999581,Die Wellenlänge ergibt sich aus der Ausbreitungsgeschwindigkeit geteilt durch die Frequenz.,
words,256,q19,known,Was berechnet der FFT-Algorithmus?,f19,f19,f19,True,True,False,False,0.47140452079103173,0.47140452079103173,Die FFT ist ein schneller Algorithmus zur Berechnung der diskreten Fouriertransformation.,
words,256,q20,known,Wie kodiert UTF-8 Unicode-Zeichen?,f20,f20,f20,True,True,False,False,0.7905694150420942,0.7905694150420942,UTF-8 kodiert Unicode-Zeichen als Folgen von einem bis vier Bytes.,
words,256,q21,known,Sind Python-Listen veränderbar und geordnet?,f21,f21,f21,True,True,False,False,0.4082482904638634,0.4082482904638634,Python-Listen sind geordnete veränderbare Folgen von Objekten.,
words,256,q22,known,Was bedeutet aufsteigende Sortierung bei Zahlen?,f22,f22,f22,True,True,False,False,0.6123724356957948,0.6123724356957948,Aufsteigende Sortierung ordnet Zahlen von klein nach groß.,
words,256,q23,known,Wie hilft eine kryptografische Prüfsumme bei Veränderungen der Daten?,f23,f23,f23,True,True,False,False,0.6761234037828137,0.6761234037828137,Eine kryptografische Prüfsumme kann Veränderungen gespeicherter Daten erkennbar machen.,
words,256,q24,known,Was speichert ein Kondensator?,f24,f24,f24,True,True,False,False,0.5345224838248483,0.5345224838248483,Ein Kondensator speichert elektrische Ladung und Energie im elektrischen Feld.,
words,256,q25,known,Welche Einheit hat der elektrische Widerstand?,f25,f25,f25,True,True,False,False,0.5773502691896256,0.5773502691896256,Der elektrische Widerstand wird in Ohm gemessen.,
words,256,q26,known,In welcher Einheit misst man elektrische Stromstärke?,f26,f26,f26,True,True,False,False,0.5000000000000003,0.5000000000000003,Die elektrische Stromstärke wird in Ampere gemessen.,
words,256,q27,known,Welche Einheit verwendet man für elektrische Spannung?,f27,f27,f27,True,True,False,False,0.49999999999999994,0.49999999999999994,Die elektrische Spannung wird in Volt gemessen.,
words,256,q28,known,Was schwingt im Inneren einer Flöte?,f28,f28,f28,True,True,False,False,0.5163977794943222,0.5163977794943222,Bei einer Flöte schwingt hauptsächlich die Luftsäule im Instrument.,
words,256,q29,known,Wie erzeugen gestrichene Saiten einer Geige Schall?,f29,f29,f29,True,True,False,False,0.6324555320336757,0.6324555320336757,Bei einer Geige regen gestrichene Saiten den schallabstrahlenden Korpus an.,
words,256,q30,known,Welche Größe misst man in Kilogramm?,f30,f30,f30,True,True,False,False,0.2886751345948128,0.2886751345948128,Das Kilogramm ist die SI-Einheit der Masse.,
words,256,q31,known,Welche Größe wird in Meter angegeben?,f31,f31,f31,True,True,False,False,0.2886751345948128,0.2886751345948128,Der Meter ist die SI-Einheit der Länge.,
words,256,q32,known,Welche Größe hat die SI-Einheit Sekunde?,f32,f32,f32,True,True,False,False,0.7500000000000002,0.7500000000000002,Die Sekunde ist die SI-Einheit der Zeit.,
words,256,n01,null,Wer gewann gestern die Wahl in Atlantis?,,,f08,True,False,True,False,0.20412414523193162,,Keine ausreichend passende gespeicherte Textstelle gefunden.,
words,256,n02,null,Was ist mein persönliches Bankpasswort?,,,f06,True,False,True,False,5.2258544713801314e-17,,Keine ausreichend passende gespeicherte Textstelle gefunden.,
words,256,n03,null,Nenne das geheime Rezept der Firma Wolkentrank.,,,f10,True,False,True,False,0.22360679774997894,,Keine ausreichend passende gespeicherte Textstelle gefunden.,
words,256,n04,null,Wie heißt die Hauptstadt Brasiliens?,,f02,f02,False,False,False,False,0.5773502691896263,,Die Hauptstadt Japans heißt Tokio.,
words,256,n05,null,Welche Spannung benötigt das Gerät ZXQ-987?,,f27,f27,False,False,False,False,0.22360679774997896,,Die elektrische Spannung wird in Volt gemessen.,
words,256,n06,null,Welcher Oktopus lebt in meinem Aquarium?,,f11,f11,False,False,False,False,0.2500000000000002,,Ein Oktopus besitzt acht Arme.,
words,256,n07,null,Wie viel kostet morgen ein Kilogramm Gold?,,f30,p08,False,False,False,False,0.25819888974716115,,Das Kilogramm ist die SI-Einheit der Masse.,
words,256,n08,null,,,,f01,True,False,True,True,0.0,,,Prompt must contain text
words,256,n09,null,zxqv jjjzz 983742095,,,f16,True,False,True,False,0.2357022603955159,,Keine ausreichend passende gespeicherte Textstelle gefunden.,
words,256,n10,null,Erfinde ein bislang unbekanntes mathematisches Theorem mit Beweis.,,,p05,True,False,True,False,0.2041241452319316,,Keine ausreichend passende gespeicherte Textstelle gefunden.,
words,256,s01,semantic_no_overlap,Welches Haustier sollte täglich spazieren gehen?,p01,,f20,False,False,True,False,0.15811388300841894,-6.288372600415926e-18,Keine ausreichend passende gespeicherte Textstelle gefunden.,
words,256,s02,semantic_no_overlap,Wer diagnostiziert Leiden bei Patienten?,p02,,f18,False,False,True,False,0.2581988897471612,-2.2768245622195593e-17,Keine ausreichend passende gespeicherte Textstelle gefunden.,
words,256,s03,semantic_no_overlap,Welche Berufsgruppe steuert Wasserfahrzeuge?,p03,,f16,False,False,True,False,0.2357022603955158,-5.204170427930421e-18,Keine ausreichend passende gespeicherte Textstelle gefunden.,
words,256,s04,semantic_no_overlap,Womit hält man sich an frostigen Tagen warm?,p04,,p08,False,False,True,False,0.25819888974716093,-3.707971429900425e-17,Keine ausreichend passende gespeicherte Textstelle gefunden.,
words,256,s05,semantic_no_overlap,Was hilft dem Organismus beim nächtlichen Regenerieren?,p05,,f29,False,False,True,False,0.15811388300841894,2.9815559743351372e-18,Keine ausreichend passende gespeicherte Textstelle gefunden.,
words,256,s06,semantic_no_overlap,Was tankt ein benzinbetriebenes Auto?,p06,,f22,False,False,True,False,0.23570226039551592,-8.348356728138384e-18,Keine ausreichend passende gespeicherte Textstelle gefunden.,
words,256,s07,semantic_no_overlap,Welche Künstler erschaffen Gemälde?,p07,,p08,False,False,True,False,0.3333333333333333,0.0,Keine ausreichend passende gespeicherte Textstelle gefunden.,
words,256,s08,semantic_no_overlap,Wer löscht lodernde Flammen?,p08,,f29,False,False,True,False,0.4082482904638627,3.144186300207963e-17,Keine ausreichend passende gespeicherte Textstelle gefunden.,
words,1024,q01,known,Wie heißt die Hauptstadt Frankreichs?,f01,f01,f01,True,True,False,False,0.6666666666666664,0.6666666666666664,Die Hauptstadt Frankreichs ist Paris.,
words,1024,q02,known,Welche Hauptstadt hat Japan?,f02,f01,p06,False,False,False,False,0.4082482904638638,0.3535533905932743,Die Hauptstadt Frankreichs ist Paris.,
words,1024,q03,known,Welche Stadt ist Italiens Hauptstadt?,f03,f03,f03,True,True,False,False,0.6666666666666672,0.6666666666666672,Die Hauptstadt Italiens ist Rom.,
words,1024,q04,known,Bei welcher Temperatur gefriert reines Wasser bei Normaldruck?,f04,f04,f04,True,True,False,False,0.676123403782813,0.676123403782813,Reines Wasser gefriert bei Normaldruck bei null Grad Celsius.,
words,1024,q05,known,Bei wie viel Grad siedet Wasser unter Normaldruck?,f05,f05,f05,True,True,False,False,0.6761234037828122,0.6761234037828122,Reines Wasser siedet bei Normaldruck bei hundert Grad Celsius.,
words,1024,q06,known,Wie lange benötigt die Erde für einen Umlauf um die Sonne?,f06,f06,f06,True,True,False,False,0.6761234037828137,0.6761234037828137,Die Erde benötigt für einen Umlauf um die Sonne ungefähr 365 Tage.,
words,1024,q07,known,Wie viele Tage dauert ein Umlauf des Mondes relativ zu Sternen?,f07,f07,f07,True,True,False,False,0.7559289460184553,0.7559289460184553,"Ein Umlauf des Mondes relativ zu den Sternen dauert ungefähr 27,3 Tage.",
words,1024,q08,known,Was geschieht bei der Photosynthese von Pflanzen?,f08,f08,f08,True,True,False,False,0.4714045207910316,0.4714045207910316,Bei der Photosynthese wandeln Pflanzen Lichtenergie in chemische Energie um.,
words,1024,q09,known,Welche Funktion erfüllen Mitochondrien in Zellen?,f09,f09,f09,True,True,False,False,0.3535533905932743,0.3535533905932743,Mitochondrien stellen in vielen Zellen einen großen Teil des ATP bereit.,
words,1024,q10,known,Welche Rolle spielen Bienen für die Bestäubung?,f10,f10,f10,True,True,False,False,0.4472135954999581,0.4472135954999581,Bienen unterstützen die Bestäubung zahlreicher Blütenpflanzen.,
words,1024,q11,known,Wie viele Arme besitzt ein Oktopus?,f11,f11,f11,True,True,False,False,0.749999999999999,0.749999999999999,Ein Oktopus besitzt acht Arme.,
words,1024,q12,known,Wie viele Beine besitzen Spinnen?,f12,f12,f12,True,True,False,False,0.7500000000000001,0.7500000000000001,Spinnen besitzen acht Beine.,
words,1024,q13,known,Sind Wale Säugetiere?,f13,f13,f13,True,True,False,False,0.316227766016838,0.316227766016838,Wale gehören zu den Säugetieren und atmen Luft.,
words,1024,q14,known,Leitet Kupfer elektrischen Strom?,f14,f14,f14,True,True,False,False,0.8164965809277254,0.8164965809277254,Kupfer leitet elektrischen Strom sehr gut.,
words,1024,q15,known,Warum kann Fensterglas unter Belastung brechen?,f15,f15,f15,True,True,False,False,0.7745966692414847,0.7745966692414847,Gewöhnliches Fensterglas ist spröde und kann unter Belastung brechen.,
words,1024,q16,known,In welche Anteile zerlegt eine Fourierreihe periodische Funktionen?,f16,f16,f16,True,True,False,False,0.5477225575051659,0.5477225575051659,Eine Fourierreihe zerlegt eine periodische Funktion in Sinus- und Kosinusanteile.,
words,1024,q17,known,Wie entsteht Interferenz zwischen Wellen?,f17,f17,f17,True,True,False,False,0.6708203932499367,0.6708203932499367,Interferenz entsteht durch die Überlagerung mehrerer Wellen.,
words,1024,q18,known,Wie berechnet man die Wellenlänge aus Frequenz und Geschwindigkeit?,f18,f18,f18,True,True,False,False,0.44721359549995787,0.44721359549995787,Die Wellenlänge ergibt sich aus der Ausbreitungsgeschwindigkeit geteilt durch die Frequenz.,
words,1024,q19,known,Was berechnet der FFT-Algorithmus?,f19,f19,f19,True,True,False,False,0.4714045207910317,0.4714045207910317,Die FFT ist ein schneller Algorithmus zur Berechnung der diskreten Fouriertransformation.,
words,1024,q20,known,Wie kodiert UTF-8 Unicode-Zeichen?,f20,f20,f20,True,True,False,False,0.7905694150420955,0.7905694150420955,UTF-8 kodiert Unicode-Zeichen als Folgen von einem bis vier Bytes.,
words,1024,q21,known,Sind Python-Listen veränderbar und geordnet?,f21,f21,f21,True,True,False,False,0.4082482904638625,0.4082482904638625,Python-Listen sind geordnete veränderbare Folgen von Objekten.,
words,1024,q22,known,Was bedeutet aufsteigende Sortierung bei Zahlen?,f22,f22,f22,True,True,False,False,0.6123724356957949,0.6123724356957949,Aufsteigende Sortierung ordnet Zahlen von klein nach groß.,
words,1024,q23,known,Wie hilft eine kryptografische Prüfsumme bei Veränderungen der Daten?,f23,f23,f23,True,True,False,False,0.6761234037828118,0.6761234037828118,Eine kryptografische Prüfsumme kann Veränderungen gespeicherter Daten erkennbar machen.,
words,1024,q24,known,Was speichert ein Kondensator?,f24,f24,f24,True,True,False,False,0.5345224838248483,0.5345224838248483,Ein Kondensator speichert elektrische Ladung und Energie im elektrischen Feld.,
words,1024,q25,known,Welche Einheit hat der elektrische Widerstand?,f25,f25,f25,True,True,False,False,0.5773502691896252,0.5773502691896252,Der elektrische Widerstand wird in Ohm gemessen.,
words,1024,q26,known,In welcher Einheit misst man elektrische Stromstärke?,f26,f26,f26,True,True,False,False,0.5000000000000002,0.5000000000000002,Die elektrische Stromstärke wird in Ampere gemessen.,
words,1024,q27,known,Welche Einheit verwendet man für elektrische Spannung?,f27,f27,f27,True,True,False,False,0.5000000000000002,0.5000000000000002,Die elektrische Spannung wird in Volt gemessen.,
words,1024,q28,known,Was schwingt im Inneren einer Flöte?,f28,f28,f28,True,True,False,False,0.516397779494322,0.516397779494322,Bei einer Flöte schwingt hauptsächlich die Luftsäule im Instrument.,
words,1024,q29,known,Wie erzeugen gestrichene Saiten einer Geige Schall?,f29,f29,f29,True,True,False,False,0.5477225575051665,0.5477225575051665,Bei einer Geige regen gestrichene Saiten den schallabstrahlenden Korpus an.,
words,1024,q30,known,Welche Größe misst man in Kilogramm?,f30,f30,f30,True,True,False,False,0.2886751345948133,0.2886751345948133,Das Kilogramm ist die SI-Einheit der Masse.,
words,1024,q31,known,Welche Größe wird in Meter angegeben?,f31,f31,f31,True,True,False,False,0.28867513459481275,0.28867513459481275,Der Meter ist die SI-Einheit der Länge.,
words,1024,q32,known,Welche Größe hat die SI-Einheit Sekunde?,f32,f32,f32,True,True,False,False,0.7500000000000003,0.7500000000000003,Die Sekunde ist die SI-Einheit der Zeit.,
words,1024,n01,null,Wer gewann gestern die Wahl in Atlantis?,,,f13,True,False,True,False,7.24247051220317e-17,,Keine ausreichend passende gespeicherte Textstelle gefunden.,
words,1024,n02,null,Was ist mein persönliches Bankpasswort?,,,p05,True,False,True,False,3.480288973678469e-17,,Keine ausreichend passende gespeicherte Textstelle gefunden.,
words,1024,n03,null,Nenne das geheime Rezept der Firma Wolkentrank.,,,f18,True,False,True,False,1.406752318799942e-17,,Keine ausreichend passende gespeicherte Textstelle gefunden.,
words,1024,n04,null,Wie heißt die Hauptstadt Brasiliens?,,f02,f02,False,False,False,False,0.5773502691896271,,Die Hauptstadt Japans heißt Tokio.,
words,1024,n05,null,Welche Spannung benötigt das Gerät ZXQ-987?,,f27,f27,False,False,False,False,0.22360679774997905,,Die elektrische Spannung wird in Volt gemessen.,
words,1024,n06,null,Welcher Oktopus lebt in meinem Aquarium?,,f11,f11,False,False,False,False,0.24999999999999994,,Ein Oktopus besitzt acht Arme.,
words,1024,n07,null,Wie viel kostet morgen ein Kilogramm Gold?,,f30,f30,False,False,False,False,0.22360679774997913,,Das Kilogramm ist die SI-Einheit der Masse.,
words,1024,n08,null,,,,f01,True,False,True,True,0.0,,,Prompt must contain text
words,1024,n09,null,zxqv jjjzz 983742095,,,f05,True,False,True,False,3.892285799222961e-17,,Keine ausreichend passende gespeicherte Textstelle gefunden.,
words,1024,n10,null,Erfinde ein bislang unbekanntes mathematisches Theorem mit Beweis.,,,f10,True,False,True,False,0.18257418583505547,,Keine ausreichend passende gespeicherte Textstelle gefunden.,
words,1024,s01,semantic_no_overlap,Welches Haustier sollte täglich spazieren gehen?,p01,,f04,False,False,True,False,4.0007060164715114e-17,8.348356728138384e-18,Keine ausreichend passende gespeicherte Textstelle gefunden.,
words,1024,s02,semantic_no_overlap,Wer diagnostiziert Leiden bei Patienten?,p02,,f13,False,False,True,False,0.2581988897471615,-2.7647155398380363e-18,Keine ausreichend passende gespeicherte Textstelle gefunden.,
words,1024,s03,semantic_no_overlap,Welche Berufsgruppe steuert Wasserfahrzeuge?,p03,,f16,False,False,True,False,0.23570226039551612,-1.3871011544236422e-17,Keine ausreichend passende gespeicherte Textstelle gefunden.,
words,1024,s04,semantic_no_overlap,Womit hält man sich an frostigen Tagen warm?,p04,,f24,False,False,True,False,2.3635607360183997e-17,-1.1275702593849246e-17,Keine ausreichend passende gespeicherte Textstelle gefunden.,
words,1024,s05,semantic_no_overlap,Was hilft dem Organismus beim nächtlichen Regenerieren?,p05,,f27,False,False,True,False,1.5341460740669888e-17,3.0357660829594124e-18,Keine ausreichend passende gespeicherte Textstelle gefunden.,
words,1024,s06,semantic_no_overlap,Was tankt ein benzinbetriebenes Auto?,p06,,f08,False,False,True,False,6.066111155056397e-17,-5.204170427930421e-18,Keine ausreichend passende gespeicherte Textstelle gefunden.,
words,1024,s07,semantic_no_overlap,Welche Künstler erschaffen Gemälde?,p07,,f23,False,False,True,False,1.723881454251952e-17,-6.776263578034403e-18,Keine ausreichend passende gespeicherte Textstelle gefunden.,
words,1024,s08,semantic_no_overlap,Wer löscht lodernde Flammen?,p08,,f29,False,False,True,False,0.2357022603955159,-1.5016200088924236e-17,Keine ausreichend passende gespeicherte Textstelle gefunden.,
words,4096,q01,known,Wie heißt die Hauptstadt Frankreichs?,f01,f01,f01,True,True,False,False,0.6666666666666675,0.6666666666666675,Die Hauptstadt Frankreichs ist Paris.,
words,4096,q02,known,Welche Hauptstadt hat Japan?,f02,f01,f01,False,False,False,False,0.4082482904638626,0.35355339059327434,Die Hauptstadt Frankreichs ist Paris.,
words,4096,q03,known,Welche Stadt ist Italiens Hauptstadt?,f03,f03,f03,True,True,False,False,0.6666666666666661,0.6666666666666661,Die Hauptstadt Italiens ist Rom.,
words,4096,q04,known,Bei welcher Temperatur gefriert reines Wasser bei Normaldruck?,f04,f04,f04,True,True,False,False,0.6761234037828134,0.6761234037828134,Reines Wasser gefriert bei Normaldruck bei null Grad Celsius.,
words,4096,q05,known,Bei wie viel Grad siedet Wasser unter Normaldruck?,f05,f05,f05,True,True,False,False,0.6761234037828128,0.6761234037828128,Reines Wasser siedet bei Normaldruck bei hundert Grad Celsius.,
words,4096,q06,known,Wie lange benötigt die Erde für einen Umlauf um die Sonne?,f06,f06,f06,True,True,False,False,0.676123403782814,0.676123403782814,Die Erde benötigt für einen Umlauf um die Sonne ungefähr 365 Tage.,
words,4096,q07,known,Wie viele Tage dauert ein Umlauf des Mondes relativ zu Sternen?,f07,f07,f07,True,True,False,False,0.7559289460184556,0.7559289460184556,"Ein Umlauf des Mondes relativ zu den Sternen dauert ungefähr 27,3 Tage.",
words,4096,q08,known,Was geschieht bei der Photosynthese von Pflanzen?,f08,f08,f08,True,True,False,False,0.4714045207910314,0.4714045207910314,Bei der Photosynthese wandeln Pflanzen Lichtenergie in chemische Energie um.,
words,4096,q09,known,Welche Funktion erfüllen Mitochondrien in Zellen?,f09,f09,f09,True,True,False,False,0.3535533905932741,0.3535533905932741,Mitochondrien stellen in vielen Zellen einen großen Teil des ATP bereit.,
words,4096,q10,known,Welche Rolle spielen Bienen für die Bestäubung?,f10,f10,f10,True,True,False,False,0.44721359549995904,0.44721359549995904,Bienen unterstützen die Bestäubung zahlreicher Blütenpflanzen.,
words,4096,q11,known,Wie viele Arme besitzt ein Oktopus?,f11,f11,f11,True,True,False,False,0.7499999999999986,0.7499999999999986,Ein Oktopus besitzt acht Arme.,
words,4096,q12,known,Wie viele Beine besitzen Spinnen?,f12,f12,f12,True,True,False,False,0.7499999999999996,0.7499999999999996,Spinnen besitzen acht Beine.,
words,4096,q13,known,Sind Wale Säugetiere?,f13,f13,f13,True,True,False,False,0.31622776601683766,0.31622776601683766,Wale gehören zu den Säugetieren und atmen Luft.,
words,4096,q14,known,Leitet Kupfer elektrischen Strom?,f14,f14,f14,True,True,False,False,0.8164965809277269,0.8164965809277269,Kupfer leitet elektrischen Strom sehr gut.,
words,4096,q15,known,Warum kann Fensterglas unter Belastung brechen?,f15,f15,f15,True,True,False,False,0.7745966692414842,0.7745966692414842,Gewöhnliches Fensterglas ist spröde und kann unter Belastung brechen.,
words,4096,q16,known,In welche Anteile zerlegt eine Fourierreihe periodische Funktionen?,f16,f16,f16,True,True,False,False,0.5477225575051659,0.5477225575051659,Eine Fourierreihe zerlegt eine periodische Funktion in Sinus- und Kosinusanteile.,
words,4096,q17,known,Wie entsteht Interferenz zwischen Wellen?,f17,f17,f17,True,True,False,False,0.6708203932499367,0.6708203932499367,Interferenz entsteht durch die Überlagerung mehrerer Wellen.,
words,4096,q18,known,Wie berechnet man die Wellenlänge aus Frequenz und Geschwindigkeit?,f18,f18,f18,True,True,False,False,0.4472135954999569,0.4472135954999569,Die Wellenlänge ergibt sich aus der Ausbreitungsgeschwindigkeit geteilt durch die Frequenz.,
words,4096,q19,known,Was berechnet der FFT-Algorithmus?,f19,f19,f19,True,True,False,False,0.4714045207910329,0.4714045207910329,Die FFT ist ein schneller Algorithmus zur Berechnung der diskreten Fouriertransformation.,
words,4096,q20,known,Wie kodiert UTF-8 Unicode-Zeichen?,f20,f20,f20,True,True,False,False,0.790569415042094,0.790569415042094,UTF-8 kodiert Unicode-Zeichen als Folgen von einem bis vier Bytes.,
words,4096,q21,known,Sind Python-Listen veränderbar und geordnet?,f21,f21,f21,True,True,False,False,0.4082482904638629,0.4082482904638629,Python-Listen sind geordnete veränderbare Folgen von Objekten.,
words,4096,q22,known,Was bedeutet aufsteigende Sortierung bei Zahlen?,f22,f22,f22,True,True,False,False,0.6123724356957966,0.6123724356957966,Aufsteigende Sortierung ordnet Zahlen von klein nach groß.,
words,4096,q23,known,Wie hilft eine kryptografische Prüfsumme bei Veränderungen der Daten?,f23,f23,f23,True,True,False,False,0.6761234037828101,0.6761234037828101,Eine kryptografische Prüfsumme kann Veränderungen gespeicherter Daten erkennbar machen.,
words,4096,q24,known,Was speichert ein Kondensator?,f24,f24,f24,True,True,False,False,0.5345224838248489,0.5345224838248489,Ein Kondensator speichert elektrische Ladung und Energie im elektrischen Feld.,
words,4096,q25,known,Welche Einheit hat der elektrische Widerstand?,f25,f25,f25,True,True,False,False,0.5773502691896266,0.5773502691896266,Der elektrische Widerstand wird in Ohm gemessen.,
words,4096,q26,known,In welcher Einheit misst man elektrische Stromstärke?,f26,f26,f26,True,True,False,False,0.4999999999999996,0.4999999999999996,Die elektrische Stromstärke wird in Ampere gemessen.,
words,4096,q27,known,Welche Einheit verwendet man für elektrische Spannung?,f27,f27,f27,True,True,False,False,0.49999999999999994,0.49999999999999994,Die elektrische Spannung wird in Volt gemessen.,
words,4096,q28,known,Was schwingt im Inneren einer Flöte?,f28,f28,f28,True,True,False,False,0.5163977794943219,0.5163977794943219,Bei einer Flöte schwingt hauptsächlich die Luftsäule im Instrument.,
words,4096,q29,known,Wie erzeugen gestrichene Saiten einer Geige Schall?,f29,f29,f29,True,True,False,False,0.5477225575051667,0.5477225575051667,Bei einer Geige regen gestrichene Saiten den schallabstrahlenden Korpus an.,
words,4096,q30,known,Welche Größe misst man in Kilogramm?,f30,f30,f30,True,True,False,False,0.28867513459481314,0.28867513459481314,Das Kilogramm ist die SI-Einheit der Masse.,
words,4096,q31,known,Welche Größe wird in Meter angegeben?,f31,f31,f31,True,True,False,False,0.28867513459481287,0.28867513459481287,Der Meter ist die SI-Einheit der Länge.,
words,4096,q32,known,Welche Größe hat die SI-Einheit Sekunde?,f32,f32,f32,True,True,False,False,0.7500000000000006,0.7500000000000006,Die Sekunde ist die SI-Einheit der Zeit.,
words,4096,n01,null,Wer gewann gestern die Wahl in Atlantis?,,,f29,True,False,True,False,5.788284348356987e-17,,Keine ausreichend passende gespeicherte Textstelle gefunden.,
words,4096,n02,null,Was ist mein persönliches Bankpasswort?,,,f16,True,False,True,False,9.303809892641235e-18,,Keine ausreichend passende gespeicherte Textstelle gefunden.,
words,4096,n03,null,Nenne das geheime Rezept der Firma Wolkentrank.,,,f29,True,False,True,False,3.095397202446115e-17,,Keine ausreichend passende gespeicherte Textstelle gefunden.,
words,4096,n04,null,Wie heißt die Hauptstadt Brasiliens?,,f02,f02,False,False,False,False,0.5773502691896248,,Die Hauptstadt Japans heißt Tokio.,
words,4096,n05,null,Welche Spannung benötigt das Gerät ZXQ-987?,,f27,f27,False,False,False,False,0.22360679774997894,,Die elektrische Spannung wird in Volt gemessen.,
words,4096,n06,null,Welcher Oktopus lebt in meinem Aquarium?,,f11,f11,False,False,False,False,0.2500000000000003,,Ein Oktopus besitzt acht Arme.,
words,4096,n07,null,Wie viel kostet morgen ein Kilogramm Gold?,,f30,f30,False,False,False,False,0.22360679774997916,,Das Kilogramm ist die SI-Einheit der Masse.,
words,4096,n08,null,,,,f01,True,False,True,True,0.0,,,Prompt must contain text
words,4096,n09,null,zxqv jjjzz 983742095,,,f01,True,False,True,False,1.4021444595668786e-16,,Keine ausreichend passende gespeicherte Textstelle gefunden.,
words,4096,n10,null,Erfinde ein bislang unbekanntes mathematisches Theorem mit Beweis.,,,f23,True,False,True,False,1.0516761073109393e-17,,Keine ausreichend passende gespeicherte Textstelle gefunden.,
words,4096,s01,semantic_no_overlap,Welches Haustier sollte täglich spazieren gehen?,p01,,f24,False,False,True,False,1.929879867024198e-17,-2.507217523872729e-18,Keine ausreichend passende gespeicherte Textstelle gefunden.,
words,4096,s02,semantic_no_overlap,Wer diagnostiziert Leiden bei Patienten?,p02,,f07,False,False,True,False,1.7564075194265172e-17,-2.2090619264392153e-18,Keine ausreichend passende gespeicherte Textstelle gefunden.,
words,4096,s03,semantic_no_overlap,Welche Berufsgruppe steuert Wasserfahrzeuge?,p03,,f01,False,False,True,False,3.3623819874206706e-17,-7.589415207398531e-19,Keine ausreichend passende gespeicherte Textstelle gefunden.,
words,4096,s04,semantic_no_overlap,Womit hält man sich an frostigen Tagen warm?,p04,,p08,False,False,True,False,2.4753690850559673e-17,-4.9060148304969076e-18,Keine ausreichend passende gespeicherte Textstelle gefunden.,
words,4096,s05,semantic_no_overlap,Was hilft dem Organismus beim nächtlichen Regenerieren?,p05,,f05,False,False,True,False,1.8770250111155296e-17,-1.3247595295057257e-18,Keine ausreichend passende gespeicherte Textstelle gefunden.,
words,4096,s06,semantic_no_overlap,Was tankt ein benzinbetriebenes Auto?,p06,,p01,False,False,True,False,1.1872013788716274e-17,3.7947076036992655e-19,Keine ausreichend passende gespeicherte Textstelle gefunden.,
words,4096,s07,semantic_no_overlap,Welche Künstler erschaffen Gemälde?,p07,,p01,False,False,True,False,1.7509865085640897e-17,2.710505431213761e-19,Keine ausreichend passende gespeicherte Textstelle gefunden.,
words,4096,s08,semantic_no_overlap,Wer löscht lodernde Flammen?,p08,,f06,False,False,True,False,8.944667923005412e-18,-4.54009659728305e-19,Keine ausreichend passende gespeicherte Textstelle gefunden.,
words,16384,q01,known,Wie heißt die Hauptstadt Frankreichs?,f01,f01,f01,True,True,False,False,0.6666666666666666,0.6666666666666666,Die Hauptstadt Frankreichs ist Paris.,
words,16384,q02,known,Welche Hauptstadt hat Japan?,f02,f01,f01,False,False,False,False,0.4082482904638625,0.3535533905932726,Die Hauptstadt Frankreichs ist Paris.,
words,16384,q03,known,Welche Stadt ist Italiens Hauptstadt?,f03,f03,f03,True,True,False,False,0.6666666666666647,0.6666666666666647,Die Hauptstadt Italiens ist Rom.,
words,16384,q04,known,Bei welcher Temperatur gefriert reines Wasser bei Normaldruck?,f04,f04,f04,True,True,False,False,0.6761234037828142,0.6761234037828142,Reines Wasser gefriert bei Normaldruck bei null Grad Celsius.,
words,16384,q05,known,Bei wie viel Grad siedet Wasser unter Normaldruck?,f05,f05,f05,True,True,False,False,0.676123403782816,0.676123403782816,Reines Wasser siedet bei Normaldruck bei hundert Grad Celsius.,
words,16384,q06,known,Wie lange benötigt die Erde für einen Umlauf um die Sonne?,f06,f06,f06,True,True,False,False,0.6761234037828129,0.6761234037828129,Die Erde benötigt für einen Umlauf um die Sonne ungefähr 365 Tage.,
words,16384,q07,known,Wie viele Tage dauert ein Umlauf des Mondes relativ zu Sternen?,f07,f07,f07,True,True,False,False,0.7559289460184532,0.7559289460184532,"Ein Umlauf des Mondes relativ zu den Sternen dauert ungefähr 27,3 Tage.",
words,16384,q08,known,Was geschieht bei der Photosynthese von Pflanzen?,f08,f08,f08,True,True,False,False,0.47140452079103196,0.47140452079103196,Bei der Photosynthese wandeln Pflanzen Lichtenergie in chemische Energie um.,
words,16384,q09,known,Welche Funktion erfüllen Mitochondrien in Zellen?,f09,f09,f09,True,True,False,False,0.3535533905932739,0.3535533905932739,Mitochondrien stellen in vielen Zellen einen großen Teil des ATP bereit.,
words,16384,q10,known,Welche Rolle spielen Bienen für die Bestäubung?,f10,f10,f10,True,True,False,False,0.44721359549996004,0.44721359549996004,Bienen unterstützen die Bestäubung zahlreicher Blütenpflanzen.,
words,16384,q11,known,Wie viele Arme besitzt ein Oktopus?,f11,f11,f11,True,True,False,False,0.7500000000000022,0.7500000000000022,Ein Oktopus besitzt acht Arme.,
words,16384,q12,known,Wie viele Beine besitzen Spinnen?,f12,f12,f12,True,True,False,False,0.749999999999996,0.749999999999996,Spinnen besitzen acht Beine.,
words,16384,q13,known,Sind Wale Säugetiere?,f13,f13,f13,True,True,False,False,0.31622776601683844,0.31622776601683844,Wale gehören zu den Säugetieren und atmen Luft.,
words,16384,q14,known,Leitet Kupfer elektrischen Strom?,f14,f14,f14,True,True,False,False,0.8164965809277293,0.8164965809277293,Kupfer leitet elektrischen Strom sehr gut.,
words,16384,q15,known,Warum kann Fensterglas unter Belastung brechen?,f15,f15,f15,True,True,False,False,0.7745966692414774,0.7745966692414774,Gewöhnliches Fensterglas ist spröde und kann unter Belastung brechen.,
words,16384,q16,known,In welche Anteile zerlegt eine Fourierreihe periodische Funktionen?,f16,f16,f16,True,True,False,False,0.5477225575051663,0.5477225575051663,Eine Fourierreihe zerlegt eine periodische Funktion in Sinus- und Kosinusanteile.,
words,16384,q17,known,Wie entsteht Interferenz zwischen Wellen?,f17,f17,f17,True,True,False,False,0.6708203932499397,0.6708203932499397,Interferenz entsteht durch die Überlagerung mehrerer Wellen.,
words,16384,q18,known,Wie berechnet man die Wellenlänge aus Frequenz und Geschwindigkeit?,f18,f18,f18,True,True,False,False,0.447213595499959,0.447213595499959,Die Wellenlänge ergibt sich aus der Ausbreitungsgeschwindigkeit geteilt durch die Frequenz.,
words,16384,q19,known,Was berechnet der FFT-Algorithmus?,f19,f19,f19,True,True,False,False,0.47140452079102935,0.47140452079102935,Die FFT ist ein schneller Algorithmus zur Berechnung der diskreten Fouriertransformation.,
words,16384,q20,known,Wie kodiert UTF-8 Unicode-Zeichen?,f20,f20,f20,True,True,False,False,0.7905694150421007,0.7905694150421007,UTF-8 kodiert Unicode-Zeichen als Folgen von einem bis vier Bytes.,
words,16384,q21,known,Sind Python-Listen veränderbar und geordnet?,f21,f21,f21,True,True,False,False,0.40824829046386135,0.40824829046386135,Python-Listen sind geordnete veränderbare Folgen von Objekten.,
words,16384,q22,known,Was bedeutet aufsteigende Sortierung bei Zahlen?,f22,f22,f22,True,True,False,False,0.6123724356957944,0.6123724356957944,Aufsteigende Sortierung ordnet Zahlen von klein nach groß.,
words,16384,q23,known,Wie hilft eine kryptografische Prüfsumme bei Veränderungen der Daten?,f23,f23,f23,True,True,False,False,0.6761234037828155,0.6761234037828155,Eine kryptografische Prüfsumme kann Veränderungen gespeicherter Daten erkennbar machen.,
words,16384,q24,known,Was speichert ein Kondensator?,f24,f24,f24,True,True,False,False,0.5345224838248483,0.5345224838248483,Ein Kondensator speichert elektrische Ladung und Energie im elektrischen Feld.,
words,16384,q25,known,Welche Einheit hat der elektrische Widerstand?,f25,f25,f25,True,True,False,False,0.5773502691896271,0.5773502691896271,Der elektrische Widerstand wird in Ohm gemessen.,
words,16384,q26,known,In welcher Einheit misst man elektrische Stromstärke?,f26,f26,f26,True,True,False,False,0.49999999999999595,0.49999999999999595,Die elektrische Stromstärke wird in Ampere gemessen.,
words,16384,q27,known,Welche Einheit verwendet man für elektrische Spannung?,f27,f27,f27,True,True,False,False,0.49999999999999956,0.49999999999999956,Die elektrische Spannung wird in Volt gemessen.,
words,16384,q28,known,Was schwingt im Inneren einer Flöte?,f28,f28,f28,True,True,False,False,0.5163977794943224,0.5163977794943224,Bei einer Flöte schwingt hauptsächlich die Luftsäule im Instrument.,
words,16384,q29,known,Wie erzeugen gestrichene Saiten einer Geige Schall?,f29,f29,f29,True,True,False,False,0.5477225575051677,0.5477225575051677,Bei einer Geige regen gestrichene Saiten den schallabstrahlenden Korpus an.,
words,16384,q30,known,Welche Größe misst man in Kilogramm?,f30,f30,f30,True,True,False,False,0.28867513459481103,0.28867513459481103,Das Kilogramm ist die SI-Einheit der Masse.,
words,16384,q31,known,Welche Größe wird in Meter angegeben?,f31,f31,f31,True,True,False,False,0.2886751345948137,0.2886751345948137,Der Meter ist die SI-Einheit der Länge.,
words,16384,q32,known,Welche Größe hat die SI-Einheit Sekunde?,f32,f32,f32,True,True,False,False,0.7499999999999994,0.7499999999999994,Die Sekunde ist die SI-Einheit der Zeit.,
words,16384,n01,null,Wer gewann gestern die Wahl in Atlantis?,,,f29,True,False,True,False,1.242089113853706e-17,,Keine ausreichend passende gespeicherte Textstelle gefunden.,
words,16384,n02,null,Was ist mein persönliches Bankpasswort?,,,f01,True,False,True,False,3.805210812245219e-17,,Keine ausreichend passende gespeicherte Textstelle gefunden.,
words,16384,n03,null,Nenne das geheime Rezept der Firma Wolkentrank.,,,f08,True,False,True,False,1.0743765902973546e-17,,Keine ausreichend passende gespeicherte Textstelle gefunden.,
words,16384,n04,null,Wie heißt die Hauptstadt Brasiliens?,,f02,f02,False,False,False,False,0.5773502691896281,,Die Hauptstadt Japans heißt Tokio.,
words,16384,n05,null,Welche Spannung benötigt das Gerät ZXQ-987?,,f27,f27,False,False,False,False,0.22360679774997932,,Die elektrische Spannung wird in Volt gemessen.,
words,16384,n06,null,Welcher Oktopus lebt in meinem Aquarium?,,f11,f11,False,False,False,False,0.24999999999999978,,Ein Oktopus besitzt acht Arme.,
words,16384,n07,null,Wie viel kostet morgen ein Kilogramm Gold?,,f30,f30,False,False,False,False,0.2236067977499793,,Das Kilogramm ist die SI-Einheit der Masse.,
words,16384,n08,null,,,,f01,True,False,True,True,0.0,,,Prompt must contain text
words,16384,n09,null,zxqv jjjzz 983742095,,,f04,True,False,True,False,2.137504583055172e-16,,Keine ausreichend passende gespeicherte Textstelle gefunden.,
words,16384,n10,null,Erfinde ein bislang unbekanntes mathematisches Theorem mit Beweis.,,,p01,True,False,True,False,8.253489038045903e-18,,Keine ausreichend passende gespeicherte Textstelle gefunden.,
words,16384,s01,semantic_no_overlap,Welches Haustier sollte täglich spazieren gehen?,p01,,f26,False,False,True,False,1.0258585430786282e-16,-5.522654816098038e-19,Keine ausreichend passende gespeicherte Textstelle gefunden.,
words,16384,s02,semantic_no_overlap,Wer diagnostiziert Leiden bei Patienten?,p02,,f06,False,False,True,False,4.359847986107335e-17,-2.3191762095822743e-18,Keine ausreichend passende gespeicherte Textstelle gefunden.,
words,16384,s03,semantic_no_overlap,Welche Berufsgruppe steuert Wasserfahrzeuge?,p03,,f21,False,False,True,False,6.1833405149563925e-18,1.3552527156068805e-18,Keine ausreichend passende gespeicherte Textstelle gefunden.,
words,16384,s04,semantic_no_overlap,Womit hält man sich an frostigen Tagen warm?,p04,,f01,False,False,True,False,5.008675223704129e-17,1.2841019480375193e-18,Keine ausreichend passende gespeicherte Textstelle gefunden.,
words,16384,s05,semantic_no_overlap,Was hilft dem Organismus beim nächtlichen Regenerieren?,p05,,f03,False,False,True,False,7.588991690924904e-18,6.539094352803199e-19,Keine ausreichend passende gespeicherte Textstelle gefunden.,
words,16384,s06,semantic_no_overlap,Was tankt ein benzinbetriebenes Auto?,p06,,p08,False,False,True,False,4.997494388800372e-18,-1.0164395367051604e-18,Keine ausreichend passende gespeicherte Textstelle gefunden.,
words,16384,s07,semantic_no_overlap,Welche Künstler erschaffen Gemälde?,p07,,f14,False,False,True,False,5.95633568509224e-18,-2.676624113323589e-18,Keine ausreichend passende gespeicherte Textstelle gefunden.,
words,16384,s08,semantic_no_overlap,Wer löscht lodernde Flammen?,p08,,f05,False,False,True,False,4.47614560976535e-17,2.4970531285056774e-18,Keine ausreichend passende gespeicherte Textstelle gefunden.,
hybrid,256,q01,known,Wie heißt die Hauptstadt Frankreichs?,f01,f01,f01,True,True,False,False,0.6955838998998464,0.6955838998998464,Die Hauptstadt Frankreichs ist Paris.,
hybrid,256,q02,known,Welche Hauptstadt hat Japan?,f02,f03,f03,False,False,False,False,0.4673457875758336,0.45413123068417915,Die Hauptstadt Italiens ist Rom.,
hybrid,256,q03,known,Welche Stadt ist Italiens Hauptstadt?,f03,f03,f03,True,True,False,False,0.721338135655501,0.721338135655501,Die Hauptstadt Italiens ist Rom.,
hybrid,256,q04,known,Bei welcher Temperatur gefriert reines Wasser bei Normaldruck?,f04,f04,f04,True,True,False,False,0.6938612753681832,0.6938612753681832,Reines Wasser gefriert bei Normaldruck bei null Grad Celsius.,
hybrid,256,q05,known,Bei wie viel Grad siedet Wasser unter Normaldruck?,f05,f05,f05,True,True,False,False,0.6688801100694691,0.6688801100694691,Reines Wasser siedet bei Normaldruck bei hundert Grad Celsius.,
hybrid,256,q06,known,Wie lange benötigt die Erde für einen Umlauf um die Sonne?,f06,f06,f06,True,True,False,False,0.6770833917494593,0.6770833917494593,Die Erde benötigt für einen Umlauf um die Sonne ungefähr 365 Tage.,
hybrid,256,q07,known,Wie viele Tage dauert ein Umlauf des Mondes relativ zu Sternen?,f07,f07,f07,True,True,False,False,0.8081185920874822,0.8081185920874822,"Ein Umlauf des Mondes relativ zu den Sternen dauert ungefähr 27,3 Tage.",
hybrid,256,q08,known,Was geschieht bei der Photosynthese von Pflanzen?,f08,f08,f08,True,True,False,False,0.5034255537436964,0.5034255537436964,Bei der Photosynthese wandeln Pflanzen Lichtenergie in chemische Energie um.,
hybrid,256,q09,known,Welche Funktion erfüllen Mitochondrien in Zellen?,f09,f09,f09,True,True,False,False,0.5416246792980195,0.5416246792980195,Mitochondrien stellen in vielen Zellen einen großen Teil des ATP bereit.,
hybrid,256,q10,known,Welche Rolle spielen Bienen für die Bestäubung?,f10,f10,f10,True,True,False,False,0.4278511163154487,0.4278511163154487,Bienen unterstützen die Bestäubung zahlreicher Blütenpflanzen.,
hybrid,256,q11,known,Wie viele Arme besitzt ein Oktopus?,f11,f11,f11,True,True,False,False,0.7637793900456346,0.7637793900456346,Ein Oktopus besitzt acht Arme.,
hybrid,256,q12,known,Wie viele Beine besitzen Spinnen?,f12,f12,f12,True,True,False,False,0.7641881272016501,0.7641881272016501,Spinnen besitzen acht Beine.,
hybrid,256,q13,known,Sind Wale Säugetiere?,f13,f13,f13,True,True,False,False,0.3651905618814088,0.3651905618814088,Wale gehören zu den Säugetieren und atmen Luft.,
hybrid,256,q14,known,Leitet Kupfer elektrischen Strom?,f14,f14,f14,True,True,False,False,0.8468548113212038,0.8468548113212038,Kupfer leitet elektrischen Strom sehr gut.,
hybrid,256,q15,known,Warum kann Fensterglas unter Belastung brechen?,f15,f15,f15,True,True,False,False,0.7726887144602559,0.7726887144602559,Gewöhnliches Fensterglas ist spröde und kann unter Belastung brechen.,
hybrid,256,q16,known,In welche Anteile zerlegt eine Fourierreihe periodische Funktionen?,f16,f16,f16,True,True,False,False,0.6158899928997775,0.6158899928997775,Eine Fourierreihe zerlegt eine periodische Funktion in Sinus- und Kosinusanteile.,
hybrid,256,q17,known,Wie entsteht Interferenz zwischen Wellen?,f17,f17,f17,True,True,False,False,0.5977109465754838,0.5977109465754838,Interferenz entsteht durch die Überlagerung mehrerer Wellen.,
hybrid,256,q18,known,Wie berechnet man die Wellenlänge aus Frequenz und Geschwindigkeit?,f18,f18,f18,True,True,False,False,0.5040671642129815,0.5040671642129815,Die Wellenlänge ergibt sich aus der Ausbreitungsgeschwindigkeit geteilt durch die Frequenz.,
hybrid,256,q19,known,Was berechnet der FFT-Algorithmus?,f19,f19,f19,True,True,False,False,0.4772788344111053,0.4772788344111053,Die FFT ist ein schneller Algorithmus zur Berechnung der diskreten Fouriertransformation.,
hybrid,256,q20,known,Wie kodiert UTF-8 Unicode-Zeichen?,f20,f20,f20,True,True,False,False,0.7982033515880209,0.7982033515880209,UTF-8 kodiert Unicode-Zeichen als Folgen von einem bis vier Bytes.,
hybrid,256,q21,known,Sind Python-Listen veränderbar und geordnet?,f21,f21,f21,True,True,False,False,0.4776000705658687,0.4776000705658687,Python-Listen sind geordnete veränderbare Folgen von Objekten.,
hybrid,256,q22,known,Was bedeutet aufsteigende Sortierung bei Zahlen?,f22,f22,f22,True,True,False,False,0.646820030126282,0.646820030126282,Aufsteigende Sortierung ordnet Zahlen von klein nach groß.,
hybrid,256,q23,known,Wie hilft eine kryptografische Prüfsumme bei Veränderungen der Daten?,f23,f23,f23,True,True,False,False,0.7108417601012634,0.7108417601012634,Eine kryptografische Prüfsumme kann Veränderungen gespeicherter Daten erkennbar machen.,
hybrid,256,q24,known,Was speichert ein Kondensator?,f24,f24,f24,True,True,False,False,0.5311093740929522,0.5311093740929522,Ein Kondensator speichert elektrische Ladung und Energie im elektrischen Feld.,
hybrid,256,q25,known,Welche Einheit hat der elektrische Widerstand?,f25,f25,f25,True,True,False,False,0.6280351276705742,0.6280351276705742,Der elektrische Widerstand wird in Ohm gemessen.,
hybrid,256,q26,known,In welcher Einheit misst man elektrische Stromstärke?,f26,f26,f26,True,True,False,False,0.547964639009502,0.547964639009502,Die elektrische Stromstärke wird in Ampere gemessen.,
hybrid,256,q27,known,Welche Einheit verwendet man für elektrische Spannung?,f27,f27,f27,True,True,False,False,0.522087101353638,0.522087101353638,Die elektrische Spannung wird in Volt gemessen.,
hybrid,256,q28,known,Was schwingt im Inneren einer Flöte?,f28,f28,f28,True,True,False,False,0.4822312882472073,0.4822312882472073,Bei einer Flöte schwingt hauptsächlich die Luftsäule im Instrument.,
hybrid,256,q29,known,Wie erzeugen gestrichene Saiten einer Geige Schall?,f29,f29,f29,True,True,False,False,0.6506214840953236,0.6506214840953236,Bei einer Geige regen gestrichene Saiten den schallabstrahlenden Korpus an.,
hybrid,256,q30,known,Welche Größe misst man in Kilogramm?,f30,f30,f30,True,True,False,False,0.3433861556767478,0.3433861556767478,Das Kilogramm ist die SI-Einheit der Masse.,
hybrid,256,q31,known,Welche Größe wird in Meter angegeben?,f31,f31,f31,True,True,False,False,0.2988916064032732,0.2988916064032732,Der Meter ist die SI-Einheit der Länge.,
hybrid,256,q32,known,Welche Größe hat die SI-Einheit Sekunde?,f32,f32,f32,True,True,False,False,0.7560963243573288,0.7560963243573288,Die Sekunde ist die SI-Einheit der Zeit.,
hybrid,256,n01,null,Wer gewann gestern die Wahl in Atlantis?,,,f24,True,False,True,False,0.21844087090480854,,Keine ausreichend passende gespeicherte Textstelle gefunden.,
hybrid,256,n02,null,Was ist mein persönliches Bankpasswort?,,,p03,True,False,True,False,0.27859431317947975,,Keine ausreichend passende gespeicherte Textstelle gefunden.,
hybrid,256,n03,null,Nenne das geheime Rezept der Firma Wolkentrank.,,,p01,True,False,True,False,0.2004675606470673,,Keine ausreichend passende gespeicherte Textstelle gefunden.,
hybrid,256,n04,null,Wie heißt die Hauptstadt Brasiliens?,,f02,f02,False,False,False,False,0.5857204421955057,,Die Hauptstadt Japans heißt Tokio.,
hybrid,256,n05,null,Welche Spannung benötigt das Gerät ZXQ-987?,,f27,f27,False,False,False,False,0.21321772672851302,,Die elektrische Spannung wird in Volt gemessen.,
hybrid,256,n06,null,Welcher Oktopus lebt in meinem Aquarium?,,f11,f11,False,False,False,False,0.2614400602189096,,Ein Oktopus besitzt acht Arme.,
hybrid,256,n07,null,Wie viel kostet morgen ein Kilogramm Gold?,,f30,f30,False,False,False,False,0.24732944141436342,,Das Kilogramm ist die SI-Einheit der Masse.,
hybrid,256,n08,null,,,,f01,True,False,True,True,0.0,,,Prompt must contain text
hybrid,256,n09,null,zxqv jjjzz 983742095,,,f03,True,False,True,False,0.25634795895148776,,Keine ausreichend passende gespeicherte Textstelle gefunden.,
hybrid,256,n10,null,Erfinde ein bislang unbekanntes mathematisches Theorem mit Beweis.,,,f06,True,False,True,False,0.2782400407453198,,Keine ausreichend passende gespeicherte Textstelle gefunden.,
hybrid,256,s01,semantic_no_overlap,Welches Haustier sollte täglich spazieren gehen?,p01,,f20,False,False,True,False,0.254778710324409,0.034785206513715805,Keine ausreichend passende gespeicherte Textstelle gefunden.,
hybrid,256,s02,semantic_no_overlap,Wer diagnostiziert Leiden bei Patienten?,p02,,f18,False,False,True,False,0.22451130129704283,0.011788978320306061,Keine ausreichend passende gespeicherte Textstelle gefunden.,
hybrid,256,s03,semantic_no_overlap,Welche Berufsgruppe steuert Wasserfahrzeuge?,p03,,f11,False,False,True,False,0.2651073379060934,-0.03599661647706925,Keine ausreichend passende gespeicherte Textstelle gefunden.,
hybrid,256,s04,semantic_no_overlap,Womit hält man sich an frostigen Tagen warm?,p04,,f26,False,False,True,False,0.3684337737148235,-0.0212983442415044,Keine ausreichend passende gespeicherte Textstelle gefunden.,
hybrid,256,s05,semantic_no_overlap,Was hilft dem Organismus beim nächtlichen Regenerieren?,p05,,f13,False,False,True,False,0.23142587947142856,-0.11725316134722918,Keine ausreichend passende gespeicherte Textstelle gefunden.,
hybrid,256,s06,semantic_no_overlap,Was tankt ein benzinbetriebenes Auto?,p06,,f03,False,False,True,False,0.23026676153334505,3.69712940817557e-17,Keine ausreichend passende gespeicherte Textstelle gefunden.,
hybrid,256,s07,semantic_no_overlap,Welche Künstler erschaffen Gemälde?,p07,,p08,False,False,True,False,0.26649647013304695,0.03685078847593292,Keine ausreichend passende gespeicherte Textstelle gefunden.,
hybrid,256,s08,semantic_no_overlap,Wer löscht lodernde Flammen?,p08,,f29,False,False,True,False,0.3194915945875382,0.03304381607158936,Keine ausreichend passende gespeicherte Textstelle gefunden.,
hybrid,1024,q01,known,Wie heißt die Hauptstadt Frankreichs?,f01,f01,f01,True,True,False,False,0.6927501673365032,0.6927501673365032,Die Hauptstadt Frankreichs ist Paris.,
hybrid,1024,q02,known,Welche Hauptstadt hat Japan?,f02,f03,f03,False,False,False,False,0.44321171739446913,0.4425587617416802,Die Hauptstadt Italiens ist Rom.,
hybrid,1024,q03,known,Welche Stadt ist Italiens Hauptstadt?,f03,f03,f03,True,True,False,False,0.7198804669868454,0.7198804669868454,Die Hauptstadt Italiens ist Rom.,
hybrid,1024,q04,known,Bei welcher Temperatur gefriert reines Wasser bei Normaldruck?,f04,f04,f04,True,True,False,False,0.6908808573779152,0.6908808573779152,Reines Wasser gefriert bei Normaldruck bei null Grad Celsius.,
hybrid,1024,q05,known,Bei wie viel Grad siedet Wasser unter Normaldruck?,f05,f05,f05,True,True,False,False,0.6825927391482078,0.6825927391482078,Reines Wasser siedet bei Normaldruck bei hundert Grad Celsius.,
hybrid,1024,q06,known,Wie lange benötigt die Erde für einen Umlauf um die Sonne?,f06,f06,f06,True,True,False,False,0.6925238565593077,0.6925238565593077,Die Erde benötigt für einen Umlauf um die Sonne ungefähr 365 Tage.,
hybrid,1024,q07,known,Wie viele Tage dauert ein Umlauf des Mondes relativ zu Sternen?,f07,f07,f07,True,True,False,False,0.7760018469595397,0.7760018469595397,"Ein Umlauf des Mondes relativ zu den Sternen dauert ungefähr 27,3 Tage.",
hybrid,1024,q08,known,Was geschieht bei der Photosynthese von Pflanzen?,f08,f08,f08,True,True,False,False,0.48453086746658364,0.48453086746658364,Bei der Photosynthese wandeln Pflanzen Lichtenergie in chemische Energie um.,
hybrid,1024,q09,known,Welche Funktion erfüllen Mitochondrien in Zellen?,f09,f09,f09,True,True,False,False,0.41280310819273874,0.41280310819273874,Mitochondrien stellen in vielen Zellen einen großen Teil des ATP bereit.,
hybrid,1024,q10,known,Welche Rolle spielen Bienen für die Bestäubung?,f10,f10,f10,True,True,False,False,0.4379445219022187,0.4379445219022187,Bienen unterstützen die Bestäubung zahlreicher Blütenpflanzen.,
hybrid,1024,q11,known,Wie viele Arme besitzt ein Oktopus?,f11,f11,f11,True,True,False,False,0.7637793900456347,0.7637793900456347,Ein Oktopus besitzt acht Arme.,
hybrid,1024,q12,known,Wie viele Beine besitzen Spinnen?,f12,f12,f12,True,True,False,False,0.767842086442681,0.767842086442681,Spinnen besitzen acht Beine.,
hybrid,1024,q13,known,Sind Wale Säugetiere?,f13,f13,f13,True,True,False,False,0.3848080195862753,0.3848080195862753,Wale gehören zu den Säugetieren und atmen Luft.,
hybrid,1024,q14,known,Leitet Kupfer elektrischen Strom?,f14,f14,f14,True,True,False,False,0.839278661020878,0.839278661020878,Kupfer leitet elektrischen Strom sehr gut.,
hybrid,1024,q15,known,Warum kann Fensterglas unter Belastung brechen?,f15,f15,f15,True,True,False,False,0.7717412297581763,0.7717412297581763,Gewöhnliches Fensterglas ist spröde und kann unter Belastung brechen.,
hybrid,1024,q16,known,In welche Anteile zerlegt eine Fourierreihe periodische Funktionen?,f16,f16,f16,True,True,False,False,0.6163673794171575,0.6163673794171575,Eine Fourierreihe zerlegt eine periodische Funktion in Sinus- und Kosinusanteile.,
hybrid,1024,q17,known,Wie entsteht Interferenz zwischen Wellen?,f17,f17,f17,True,True,False,False,0.666366614676593,0.666366614676593,Interferenz entsteht durch die Überlagerung mehrerer Wellen.,
hybrid,1024,q18,known,Wie berechnet man die Wellenlänge aus Frequenz und Geschwindigkeit?,f18,f18,f18,True,True,False,False,0.5061081947133718,0.5061081947133718,Die Wellenlänge ergibt sich aus der Ausbreitungsgeschwindigkeit geteilt durch die Frequenz.,
hybrid,1024,q19,known,Was berechnet der FFT-Algorithmus?,f19,f19,f19,True,True,False,False,0.4852583373487523,0.4852583373487523,Die FFT ist ein schneller Algorithmus zur Berechnung der diskreten Fouriertransformation.,
hybrid,1024,q20,known,Wie kodiert UTF-8 Unicode-Zeichen?,f20,f20,f20,True,True,False,False,0.797454706556728,0.797454706556728,UTF-8 kodiert Unicode-Zeichen als Folgen von einem bis vier Bytes.,
hybrid,1024,q21,known,Sind Python-Listen veränderbar und geordnet?,f21,f21,f21,True,True,False,False,0.49904600124016624,0.49904600124016624,Python-Listen sind geordnete veränderbare Folgen von Objekten.,
hybrid,1024,q22,known,Was bedeutet aufsteigende Sortierung bei Zahlen?,f22,f22,f22,True,True,False,False,0.6463632709998373,0.6463632709998373,Aufsteigende Sortierung ordnet Zahlen von klein nach groß.,
hybrid,1024,q23,known,Wie hilft eine kryptografische Prüfsumme bei Veränderungen der Daten?,f23,f23,f23,True,True,False,False,0.6857947208985737,0.6857947208985737,Eine kryptografische Prüfsumme kann Veränderungen gespeicherter Daten erkennbar machen.,
hybrid,1024,q24,known,Was speichert ein Kondensator?,f24,f24,f24,True,True,False,False,0.5315890086789404,0.5315890086789404,Ein Kondensator speichert elektrische Ladung und Energie im elektrischen Feld.,
hybrid,1024,q25,known,Welche Einheit hat der elektrische Widerstand?,f25,f25,f25,True,True,False,False,0.611821994821807,0.611821994821807,Der elektrische Widerstand wird in Ohm gemessen.,
hybrid,1024,q26,known,In welcher Einheit misst man elektrische Stromstärke?,f26,f26,f26,True,True,False,False,0.5373981137233105,0.5373981137233105,Die elektrische Stromstärke wird in Ampere gemessen.,
hybrid,1024,q27,known,Welche Einheit verwendet man für elektrische Spannung?,f27,f27,f27,True,True,False,False,0.5185185185185182,0.5185185185185182,Die elektrische Spannung wird in Volt gemessen.,
hybrid,1024,q28,known,Was schwingt im Inneren einer Flöte?,f28,f28,f28,True,True,False,False,0.49348382546450037,0.49348382546450037,Bei einer Flöte schwingt hauptsächlich die Luftsäule im Instrument.,
hybrid,1024,q29,known,Wie erzeugen gestrichene Saiten einer Geige Schall?,f29,f29,f29,True,True,False,False,0.5775222077198239,0.5775222077198239,Bei einer Geige regen gestrichene Saiten den schallabstrahlenden Korpus an.,
hybrid,1024,q30,known,Welche Größe misst man in Kilogramm?,f30,f30,f30,True,True,False,False,0.3367739098067009,0.3367739098067009,Das Kilogramm ist die SI-Einheit der Masse.,
hybrid,1024,q31,known,Welche Größe wird in Meter angegeben?,f31,f31,f31,True,True,False,False,0.2869918352504347,0.2869918352504347,Der Meter ist die SI-Einheit der Länge.,
hybrid,1024,q32,known,Welche Größe hat die SI-Einheit Sekunde?,f32,f32,f32,True,True,False,False,0.7590340494679215,0.7590340494679215,Die Sekunde ist die SI-Einheit der Zeit.,
hybrid,1024,n01,null,Wer gewann gestern die Wahl in Atlantis?,,,p07,True,False,True,False,0.034964817071167366,,Keine ausreichend passende gespeicherte Textstelle gefunden.,
hybrid,1024,n02,null,Was ist mein persönliches Bankpasswort?,,,f15,True,False,True,False,0.05312729270729846,,Keine ausreichend passende gespeicherte Textstelle gefunden.,
hybrid,1024,n03,null,Nenne das geheime Rezept der Firma Wolkentrank.,,,f24,True,False,True,False,0.027913966031670776,,Keine ausreichend passende gespeicherte Textstelle gefunden.,
hybrid,1024,n04,null,Wie heißt die Hauptstadt Brasiliens?,,f02,f02,False,False,False,False,0.5814450321747889,,Die Hauptstadt Japans heißt Tokio.,
hybrid,1024,n05,null,Welche Spannung benötigt das Gerät ZXQ-987?,,f27,f27,False,False,False,False,0.23717908729961562,,Die elektrische Spannung wird in Volt gemessen.,
hybrid,1024,n06,null,Welcher Oktopus lebt in meinem Aquarium?,,f11,f11,False,False,False,False,0.2642425766893654,,Ein Oktopus besitzt acht Arme.,
hybrid,1024,n07,null,Wie viel kostet morgen ein Kilogramm Gold?,,f30,f30,False,False,False,False,0.25457954686509815,,Das Kilogramm ist die SI-Einheit der Masse.,
hybrid,1024,n08,null,,,,f01,True,False,True,True,0.0,,,Prompt must contain text
hybrid,1024,n09,null,zxqv jjjzz 983742095,,,f16,True,False,True,False,0.16825933985454505,,Keine ausreichend passende gespeicherte Textstelle gefunden.,
hybrid,1024,n10,null,Erfinde ein bislang unbekanntes mathematisches Theorem mit Beweis.,,,p05,True,False,True,False,0.1628282421625144,,Keine ausreichend passende gespeicherte Textstelle gefunden.,
hybrid,1024,s01,semantic_no_overlap,Welches Haustier sollte täglich spazieren gehen?,p01,,f20,False,False,True,False,0.15814490712204016,0.013972162718914471,Keine ausreichend passende gespeicherte Textstelle gefunden.,
hybrid,1024,s02,semantic_no_overlap,Wer diagnostiziert Leiden bei Patienten?,p02,,f13,False,False,True,False,0.22115038277906976,0.03245377029176036,Keine ausreichend passende gespeicherte Textstelle gefunden.,
hybrid,1024,s03,semantic_no_overlap,Welche Berufsgruppe steuert Wasserfahrzeuge?,p03,,f16,False,False,True,False,0.19194877346861436,0.004842742776412872,Keine ausreichend passende gespeicherte Textstelle gefunden.,
hybrid,1024,s04,semantic_no_overlap,Womit hält man sich an frostigen Tagen warm?,p04,,p01,False,False,True,False,0.0432875822026175,0.010277681687153978,Keine ausreichend passende gespeicherte Textstelle gefunden.,
hybrid,1024,s05,semantic_no_overlap,Was hilft dem Organismus beim nächtlichen Regenerieren?,p05,,f29,False,False,True,False,0.17636442083591564,0.039657576826502984,Keine ausreichend passende gespeicherte Textstelle gefunden.,
hybrid,1024,s06,semantic_no_overlap,Was tankt ein benzinbetriebenes Auto?,p06,,f06,False,False,True,False,0.021309828118708723,-0.018593119977923584,Keine ausreichend passende gespeicherte Textstelle gefunden.,
hybrid,1024,s07,semantic_no_overlap,Welche Künstler erschaffen Gemälde?,p07,,f25,False,False,True,False,0.03389284114927947,0.03170485602799865,Keine ausreichend passende gespeicherte Textstelle gefunden.,
hybrid,1024,s08,semantic_no_overlap,Wer löscht lodernde Flammen?,p08,,f29,False,False,True,False,0.21408988999890843,0.03358302471297343,Keine ausreichend passende gespeicherte Textstelle gefunden.,
hybrid,4096,q01,known,Wie heißt die Hauptstadt Frankreichs?,f01,f01,f01,True,True,False,False,0.6991455464876324,0.6991455464876324,Die Hauptstadt Frankreichs ist Paris.,
hybrid,4096,q02,known,Welche Hauptstadt hat Japan?,f02,f03,f03,False,False,False,False,0.4499277568567392,0.4388848501880317,Die Hauptstadt Italiens ist Rom.,
hybrid,4096,q03,known,Welche Stadt ist Italiens Hauptstadt?,f03,f03,f03,True,True,False,False,0.7220371507206397,0.7220371507206397,Die Hauptstadt Italiens ist Rom.,
hybrid,4096,q04,known,Bei welcher Temperatur gefriert reines Wasser bei Normaldruck?,f04,f04,f04,True,True,False,False,0.68632357301595,0.68632357301595,Reines Wasser gefriert bei Normaldruck bei null Grad Celsius.,
hybrid,4096,q05,known,Bei wie viel Grad siedet Wasser unter Normaldruck?,f05,f05,f05,True,True,False,False,0.6864925133691233,0.6864925133691233,Reines Wasser siedet bei Normaldruck bei hundert Grad Celsius.,
hybrid,4096,q06,known,Wie lange benötigt die Erde für einen Umlauf um die Sonne?,f06,f06,f06,True,True,False,False,0.6925238565593083,0.6925238565593083,Die Erde benötigt für einen Umlauf um die Sonne ungefähr 365 Tage.,
hybrid,4096,q07,known,Wie viele Tage dauert ein Umlauf des Mondes relativ zu Sternen?,f07,f07,f07,True,True,False,False,0.773600725571938,0.773600725571938,"Ein Umlauf des Mondes relativ zu den Sternen dauert ungefähr 27,3 Tage.",
hybrid,4096,q08,known,Was geschieht bei der Photosynthese von Pflanzen?,f08,f08,f08,True,True,False,False,0.4775581186525446,0.4775581186525446,Bei der Photosynthese wandeln Pflanzen Lichtenergie in chemische Energie um.,
hybrid,4096,q09,known,Welche Funktion erfüllen Mitochondrien in Zellen?,f09,f09,f09,True,True,False,False,0.41414623633646724,0.41414623633646724,Mitochondrien stellen in vielen Zellen einen großen Teil des ATP bereit.,
hybrid,4096,q10,known,Welche Rolle spielen Bienen für die Bestäubung?,f10,f10,f10,True,True,False,False,0.44584848457745657,0.44584848457745657,Bienen unterstützen die Bestäubung zahlreicher Blütenpflanzen.,
hybrid,4096,q11,known,Wie viele Arme besitzt ein Oktopus?,f11,f11,f11,True,True,False,False,0.7637793900456343,0.7637793900456343,Ein Oktopus besitzt acht Arme.,
hybrid,4096,q12,known,Wie viele Beine besitzen Spinnen?,f12,f12,f12,True,True,False,False,0.7697515948281315,0.7697515948281315,Spinnen besitzen acht Beine.,
hybrid,4096,q13,known,Sind Wale Säugetiere?,f13,f13,f13,True,True,False,False,0.38890775129030225,0.38890775129030225,Wale gehören zu den Säugetieren und atmen Luft.,
hybrid,4096,q14,known,Leitet Kupfer elektrischen Strom?,f14,f14,f14,True,True,False,False,0.839243738939051,0.839243738939051,Kupfer leitet elektrischen Strom sehr gut.,
hybrid,4096,q15,known,Warum kann Fensterglas unter Belastung brechen?,f15,f15,f15,True,True,False,False,0.7753849725858509,0.7753849725858509,Gewöhnliches Fensterglas ist spröde und kann unter Belastung brechen.,
hybrid,4096,q16,known,In welche Anteile zerlegt eine Fourierreihe periodische Funktionen?,f16,f16,f16,True,True,False,False,0.6082888076498119,0.6082888076498119,Eine Fourierreihe zerlegt eine periodische Funktion in Sinus- und Kosinusanteile.,
hybrid,4096,q17,known,Wie entsteht Interferenz zwischen Wellen?,f17,f17,f17,True,True,False,False,0.6699007265614519,0.6699007265614519,Interferenz entsteht durch die Überlagerung mehrerer Wellen.,
hybrid,4096,q18,known,Wie berechnet man die Wellenlänge aus Frequenz und Geschwindigkeit?,f18,f18,f18,True,True,False,False,0.5014796539236601,0.5014796539236601,Die Wellenlänge ergibt sich aus der Ausbreitungsgeschwindigkeit geteilt durch die Frequenz.,
hybrid,4096,q19,known,Was berechnet der FFT-Algorithmus?,f19,f19,f19,True,True,False,False,0.49120075426605786,0.49120075426605786,Die FFT ist ein schneller Algorithmus zur Berechnung der diskreten Fouriertransformation.,
hybrid,4096,q20,known,Wie kodiert UTF-8 Unicode-Zeichen?,f20,f20,f20,True,True,False,False,0.7942489620397433,0.7942489620397433,UTF-8 kodiert Unicode-Zeichen als Folgen von einem bis vier Bytes.,
hybrid,4096,q21,known,Sind Python-Listen veränderbar und geordnet?,f21,f21,f21,True,True,False,False,0.49927905516448207,0.49927905516448207,Python-Listen sind geordnete veränderbare Folgen von Objekten.,
hybrid,4096,q22,known,Was bedeutet aufsteigende Sortierung bei Zahlen?,f22,f22,f22,True,True,False,False,0.64006848637373,0.64006848637373,Aufsteigende Sortierung ordnet Zahlen von klein nach groß.,
hybrid,4096,q23,known,Wie hilft eine kryptografische Prüfsumme bei Veränderungen der Daten?,f23,f23,f23,True,True,False,False,0.6921268618280789,0.6921268618280789,Eine kryptografische Prüfsumme kann Veränderungen gespeicherter Daten erkennbar machen.,
hybrid,4096,q24,known,Was speichert ein Kondensator?,f24,f24,f24,True,True,False,False,0.5399057803549686,0.5399057803549686,Ein Kondensator speichert elektrische Ladung und Energie im elektrischen Feld.,
hybrid,4096,q25,known,Welche Einheit hat der elektrische Widerstand?,f25,f25,f25,True,True,False,False,0.6128219850205407,0.6128219850205407,Der elektrische Widerstand wird in Ohm gemessen.,
hybrid,4096,q26,known,In welcher Einheit misst man elektrische Stromstärke?,f26,f26,f26,True,True,False,False,0.531873754975139,0.531873754975139,Die elektrische Stromstärke wird in Ampere gemessen.,
hybrid,4096,q27,known,Welche Einheit verwendet man für elektrische Spannung?,f27,f27,f27,True,True,False,False,0.5209144194298598,0.5209144194298598,Die elektrische Spannung wird in Volt gemessen.,
hybrid,4096,q28,known,Was schwingt im Inneren einer Flöte?,f28,f28,f28,True,True,False,False,0.4950082013055507,0.4950082013055507,Bei einer Flöte schwingt hauptsächlich die Luftsäule im Instrument.,
hybrid,4096,q29,known,Wie erzeugen gestrichene Saiten einer Geige Schall?,f29,f29,f29,True,True,False,False,0.5765437068246045,0.5765437068246045,Bei einer Geige regen gestrichene Saiten den schallabstrahlenden Korpus an.,
hybrid,4096,q30,known,Welche Größe misst man in Kilogramm?,f30,f30,f30,True,True,False,False,0.3464751621736189,0.3464751621736189,Das Kilogramm ist die SI-Einheit der Masse.,
hybrid,4096,q31,known,Welche Größe wird in Meter angegeben?,f31,f31,f31,True,True,False,False,0.2869918352504342,0.2869918352504342,Der Meter ist die SI-Einheit der Länge.,
hybrid,4096,q32,known,Welche Größe hat die SI-Einheit Sekunde?,f32,f32,f32,True,True,False,False,0.7602371202737594,0.7602371202737594,Die Sekunde ist die SI-Einheit der Zeit.,
hybrid,4096,n01,null,Wer gewann gestern die Wahl in Atlantis?,,,f29,True,False,True,False,0.03618780658898001,,Keine ausreichend passende gespeicherte Textstelle gefunden.,
hybrid,4096,n02,null,Was ist mein persönliches Bankpasswort?,,,f15,True,False,True,False,0.04648367117774632,,Keine ausreichend passende gespeicherte Textstelle gefunden.,
hybrid,4096,n03,null,Nenne das geheime Rezept der Firma Wolkentrank.,,,f29,True,False,True,False,0.019452534316969063,,Keine ausreichend passende gespeicherte Textstelle gefunden.,
hybrid,4096,n04,null,Wie heißt die Hauptstadt Brasiliens?,,f02,f02,False,False,False,False,0.5895863462978129,,Die Hauptstadt Japans heißt Tokio.,
hybrid,4096,n05,null,Welche Spannung benötigt das Gerät ZXQ-987?,,f27,f27,False,False,False,False,0.24584805601873222,,Die elektrische Spannung wird in Volt gemessen.,
hybrid,4096,n06,null,Welcher Oktopus lebt in meinem Aquarium?,,f11,f11,False,False,False,False,0.26167076299549125,,Ein Oktopus besitzt acht Arme.,
hybrid,4096,n07,null,Wie viel kostet morgen ein Kilogramm Gold?,,f30,f30,False,False,False,False,0.25457954686509787,,Das Kilogramm ist die SI-Einheit der Masse.,
hybrid,4096,n08,null,,,,f01,True,False,True,True,0.0,,,Prompt must contain text
hybrid,4096,n09,null,zxqv jjjzz 983742095,,,f07,True,False,True,False,0.014161029600925516,,Keine ausreichend passende gespeicherte Textstelle gefunden.,
hybrid,4096,n10,null,Erfinde ein bislang unbekanntes mathematisches Theorem mit Beweis.,,,p01,True,False,True,False,0.03305883110881152,,Keine ausreichend passende gespeicherte Textstelle gefunden.,
hybrid,4096,s01,semantic_no_overlap,Welches Haustier sollte täglich spazieren gehen?,p01,,f13,False,False,True,False,0.05992225937044385,0.006304320675931795,Keine ausreichend passende gespeicherte Textstelle gefunden.,
hybrid,4096,s02,semantic_no_overlap,Wer diagnostiziert Leiden bei Patienten?,p02,,f19,False,False,True,False,0.029489995397261406,0.019493122099725993,Keine ausreichend passende gespeicherte Textstelle gefunden.,
hybrid,4096,s03,semantic_no_overlap,Welche Berufsgruppe steuert Wasserfahrzeuge?,p03,,f16,False,False,True,False,0.18568411480129549,-2.4936649967166602e-18,Keine ausreichend passende gespeicherte Textstelle gefunden.,
hybrid,4096,s04,semantic_no_overlap,Womit hält man sich an frostigen Tagen warm?,p04,,p01,False,False,True,False,0.03824353610353371,0.00513884084357699,Keine ausreichend passende gespeicherte Textstelle gefunden.,
hybrid,4096,s05,semantic_no_overlap,Was hilft dem Organismus beim nächtlichen Regenerieren?,p05,,f13,False,False,True,False,0.04667700898543768,0.02203912069816499,Keine ausreichend passende gespeicherte Textstelle gefunden.,
hybrid,4096,s06,semantic_no_overlap,Was tankt ein benzinbetriebenes Auto?,p06,,f06,False,False,True,False,0.024263997574448738,-0.004102537782503092,Keine ausreichend passende gespeicherte Textstelle gefunden.,
hybrid,4096,s07,semantic_no_overlap,Welche Künstler erschaffen Gemälde?,p07,,p07,False,True,True,False,0.029108947790367032,0.029108947790367032,Keine ausreichend passende gespeicherte Textstelle gefunden.,
hybrid,4096,s08,semantic_no_overlap,Wer löscht lodernde Flammen?,p08,,p01,False,False,True,False,0.025740992282960423,0.016936453206642964,Keine ausreichend passende gespeicherte Textstelle gefunden.,
hybrid,16384,q01,known,Wie heißt die Hauptstadt Frankreichs?,f01,f01,f01,True,True,False,False,0.7000400120040013,0.7000400120040013,Die Hauptstadt Frankreichs ist Paris.,
hybrid,16384,q02,known,Welche Hauptstadt hat Japan?,f02,f03,f03,False,False,False,False,0.4499277568567373,0.4388848501880314,Die Hauptstadt Italiens ist Rom.,
hybrid,16384,q03,known,Welche Stadt ist Italiens Hauptstadt?,f03,f03,f03,True,True,False,False,0.7220371507206375,0.7220371507206375,Die Hauptstadt Italiens ist Rom.,
hybrid,16384,q04,known,Bei welcher Temperatur gefriert reines Wasser bei Normaldruck?,f04,f04,f04,True,True,False,False,0.6863235730159517,0.6863235730159517,Reines Wasser gefriert bei Normaldruck bei null Grad Celsius.,
hybrid,16384,q05,known,Bei wie viel Grad siedet Wasser unter Normaldruck?,f05,f05,f05,True,True,False,False,0.684598520688066,0.684598520688066,Reines Wasser siedet bei Normaldruck bei hundert Grad Celsius.,
hybrid,16384,q06,known,Wie lange benötigt die Erde für einen Umlauf um die Sonne?,f06,f06,f06,True,True,False,False,0.692523856559309,0.692523856559309,Die Erde benötigt für einen Umlauf um die Sonne ungefähr 365 Tage.,
hybrid,16384,q07,known,Wie viele Tage dauert ein Umlauf des Mondes relativ zu Sternen?,f07,f07,f07,True,True,False,False,0.773600725571944,0.773600725571944,"Ein Umlauf des Mondes relativ zu den Sternen dauert ungefähr 27,3 Tage.",
hybrid,16384,q08,known,Was geschieht bei der Photosynthese von Pflanzen?,f08,f08,f08,True,True,False,False,0.4804855261878921,0.4804855261878921,Bei der Photosynthese wandeln Pflanzen Lichtenergie in chemische Energie um.,
hybrid,16384,q09,known,Welche Funktion erfüllen Mitochondrien in Zellen?,f09,f09,f09,True,True,False,False,0.40983904119081194,0.40983904119081194,Mitochondrien stellen in vielen Zellen einen großen Teil des ATP bereit.,
hybrid,16384,q10,known,Welche Rolle spielen Bienen für die Bestäubung?,f10,f10,f10,True,True,False,False,0.44039042764432573,0.44039042764432573,Bienen unterstützen die Bestäubung zahlreicher Blütenpflanzen.,
hybrid,16384,q11,known,Wie viele Arme besitzt ein Oktopus?,f11,f11,f11,True,True,False,False,0.7637793900456353,0.7637793900456353,Ein Oktopus besitzt acht Arme.,
hybrid,16384,q12,known,Wie viele Beine besitzen Spinnen?,f12,f12,f12,True,True,False,False,0.7697515948281304,0.7697515948281304,Spinnen besitzen acht Beine.,
hybrid,16384,q13,known,Sind Wale Säugetiere?,f13,f13,f13,True,True,False,False,0.38890775129030286,0.38890775129030286,Wale gehören zu den Säugetieren und atmen Luft.,
hybrid,16384,q14,known,Leitet Kupfer elektrischen Strom?,f14,f14,f14,True,True,False,False,0.8385059441291159,0.8385059441291159,Kupfer leitet elektrischen Strom sehr gut.,
hybrid,16384,q15,known,Warum kann Fensterglas unter Belastung brechen?,f15,f15,f15,True,True,False,False,0.7768574837019258,0.7768574837019258,Gewöhnliches Fensterglas ist spröde und kann unter Belastung brechen.,
hybrid,16384,q16,known,In welche Anteile zerlegt eine Fourierreihe periodische Funktionen?,f16,f16,f16,True,True,False,False,0.6093386068328169,0.6093386068328169,Eine Fourierreihe zerlegt eine periodische Funktion in Sinus- und Kosinusanteile.,
hybrid,16384,q17,known,Wie entsteht Interferenz zwischen Wellen?,f17,f17,f17,True,True,False,False,0.6669321006643091,0.6669321006643091,Interferenz entsteht durch die Überlagerung mehrerer Wellen.,
hybrid,16384,q18,known,Wie berechnet man die Wellenlänge aus Frequenz und Geschwindigkeit?,f18,f18,f18,True,True,False,False,0.5027860884442099,0.5027860884442099,Die Wellenlänge ergibt sich aus der Ausbreitungsgeschwindigkeit geteilt durch die Frequenz.,
hybrid,16384,q19,known,Was berechnet der FFT-Algorithmus?,f19,f19,f19,True,True,False,False,0.4912007542660585,0.4912007542660585,Die FFT ist ein schneller Algorithmus zur Berechnung der diskreten Fouriertransformation.,
hybrid,16384,q20,known,Wie kodiert UTF-8 Unicode-Zeichen?,f20,f20,f20,True,True,False,False,0.7942489620397467,0.7942489620397467,UTF-8 kodiert Unicode-Zeichen als Folgen von einem bis vier Bytes.,
hybrid,16384,q21,known,Sind Python-Listen veränderbar und geordnet?,f21,f21,f21,True,True,False,False,0.500413159028527,0.500413159028527,Python-Listen sind geordnete veränderbare Folgen von Objekten.,
hybrid,16384,q22,known,Was bedeutet aufsteigende Sortierung bei Zahlen?,f22,f22,f22,True,True,False,False,0.6400684863737351,0.6400684863737351,Aufsteigende Sortierung ordnet Zahlen von klein nach groß.,
hybrid,16384,q23,known,Wie hilft eine kryptografische Prüfsumme bei Veränderungen der Daten?,f23,f23,f23,True,True,False,False,0.6918676376140591,0.6918676376140591,Eine kryptografische Prüfsumme kann Veränderungen gespeicherter Daten erkennbar machen.,
hybrid,16384,q24,known,Was speichert ein Kondensator?,f24,f24,f24,True,True,False,False,0.5399602698586753,0.5399602698586753,Ein Kondensator speichert elektrische Ladung und Energie im elektrischen Feld.,
hybrid,16384,q25,known,Welche Einheit hat der elektrische Widerstand?,f25,f25,f25,True,True,False,False,0.6103444274251935,0.6103444274251935,Der elektrische Widerstand wird in Ohm gemessen.,
hybrid,16384,q26,known,In welcher Einheit misst man elektrische Stromstärke?,f26,f26,f26,True,True,False,False,0.5356088443793089,0.5356088443793089,Die elektrische Stromstärke wird in Ampere gemessen.,
hybrid,16384,q27,known,Welche Einheit verwendet man für elektrische Spannung?,f27,f27,f27,True,True,False,False,0.5204643413629256,0.5204643413629256,Die elektrische Spannung wird in Volt gemessen.,
hybrid,16384,q28,known,Was schwingt im Inneren einer Flöte?,f28,f28,f28,True,True,False,False,0.4950082013055514,0.4950082013055514,Bei einer Flöte schwingt hauptsächlich die Luftsäule im Instrument.,
hybrid,16384,q29,known,Wie erzeugen gestrichene Saiten einer Geige Schall?,f29,f29,f29,True,True,False,False,0.5815480413629919,0.5815480413629919,Bei einer Geige regen gestrichene Saiten den schallabstrahlenden Korpus an.,
hybrid,16384,q30,known,Welche Größe misst man in Kilogramm?,f30,f30,f30,True,True,False,False,0.3433429233040716,0.3433429233040716,Das Kilogramm ist die SI-Einheit der Masse.,
hybrid,16384,q31,known,Welche Größe wird in Meter angegeben?,f31,f31,f31,True,True,False,False,0.28699183525043603,0.28699183525043603,Der Meter ist die SI-Einheit der Länge.,
hybrid,16384,q32,known,Welche Größe hat die SI-Einheit Sekunde?,f32,f32,f32,True,True,False,False,0.7602371202737602,0.7602371202737602,Die Sekunde ist die SI-Einheit der Zeit.,
hybrid,16384,n01,null,Wer gewann gestern die Wahl in Atlantis?,,,f15,True,False,True,False,0.030166034266367013,,Keine ausreichend passende gespeicherte Textstelle gefunden.,
hybrid,16384,n02,null,Was ist mein persönliches Bankpasswort?,,,f15,True,False,True,False,0.050490762246584546,,Keine ausreichend passende gespeicherte Textstelle gefunden.,
hybrid,16384,n03,null,Nenne das geheime Rezept der Firma Wolkentrank.,,,f29,True,False,True,False,0.015876356216314117,,Keine ausreichend passende gespeicherte Textstelle gefunden.,
hybrid,16384,n04,null,Wie heißt die Hauptstadt Brasiliens?,,f02,f02,False,False,False,False,0.5895863462978104,,Die Hauptstadt Japans heißt Tokio.,
hybrid,16384,n05,null,Welche Spannung benötigt das Gerät ZXQ-987?,,f27,f27,False,False,False,False,0.24742686112017298,,Die elektrische Spannung wird in Volt gemessen.,
hybrid,16384,n06,null,Welcher Oktopus lebt in meinem Aquarium?,,f11,f11,False,False,False,False,0.2616707629954921,,Ein Oktopus besitzt acht Arme.,
hybrid,16384,n07,null,Wie viel kostet morgen ein Kilogramm Gold?,,f30,f30,False,False,False,False,0.25778467778483316,,Das Kilogramm ist die SI-Einheit der Masse.,
hybrid,16384,n08,null,,,,f01,True,False,True,True,0.0,,,Prompt must contain text
hybrid,16384,n09,null,zxqv jjjzz 983742095,,,f02,True,False,True,False,0.00615457454896661,,Keine ausreichend passende gespeicherte Textstelle gefunden.,
hybrid,16384,n10,null,Erfinde ein bislang unbekanntes mathematisches Theorem mit Beweis.,,,p01,True,False,True,False,0.029799703406759477,,Keine ausreichend passende gespeicherte Textstelle gefunden.,
hybrid,16384,s01,semantic_no_overlap,Welches Haustier sollte täglich spazieren gehen?,p01,,f13,False,False,True,False,0.061691993420092225,0.006391008936210859,Keine ausreichend passende gespeicherte Textstelle gefunden.,
hybrid,16384,s02,semantic_no_overlap,Wer diagnostiziert Leiden bei Patienten?,p02,,f20,False,False,True,False,0.033342589126210444,0.019219457450041104,Keine ausreichend passende gespeicherte Textstelle gefunden.,
hybrid,16384,s03,semantic_no_overlap,Welche Berufsgruppe steuert Wasserfahrzeuge?,p03,,f05,False,False,True,False,0.03601933298385469,3.564314642046096e-18,Keine ausreichend passende gespeicherte Textstelle gefunden.,
hybrid,16384,s04,semantic_no_overlap,Womit hält man sich an frostigen Tagen warm?,p04,,p01,False,False,True,False,0.04194984878659645,0.013547441005012954,Keine ausreichend passende gespeicherte Textstelle gefunden.,
hybrid,16384,s05,semantic_no_overlap,Was hilft dem Organismus beim nächtlichen Regenerieren?,p05,,f29,False,False,True,False,0.04882680580175832,0.021668688926113573,Keine ausreichend passende gespeicherte Textstelle gefunden.,
hybrid,16384,s06,semantic_no_overlap,Was tankt ein benzinbetriebenes Auto?,p06,,f06,False,False,True,False,0.020002031950706864,3.2187251995663413e-18,Keine ausreichend passende gespeicherte Textstelle gefunden.,
hybrid,16384,s07,semantic_no_overlap,Welche Künstler erschaffen Gemälde?,p07,,p07,False,True,True,False,0.03422192781128832,0.03422192781128832,Keine ausreichend passende gespeicherte Textstelle gefunden.,
hybrid,16384,s08,semantic_no_overlap,Wer löscht lodernde Flammen?,p08,,f12,False,False,True,False,0.028522403937092843,0.016936453206642967,Keine ausreichend passende gespeicherte Textstelle gefunden.,
